Date,TV_Spend,Radio_Spend,Print_Spend,Search_Spend,Social_Media_Spend,Display_Ads_Spend,Email_Marketing_Spend,Influencer_Marketing_Spend,Promotion_Spend,Average_Price,Website_Traffic,New_Customers,Returning_Customers,Orders,Holiday,Season,Competitor_Index,Economic_Index,Revenue,Year,Month,Week,Quarter,WeekOfYear,Total_Marketing_Spend,Digital_Spend,Traditional_Spend,Digital_Spend_Share,Traditional_Spend_Share,TV_Spend_Share,Radio_Spend_Share,Print_Spend_Share,Search_Spend_Share,Social_Media_Spend_Share,Display_Ads_Spend_Share,Email_Marketing_Spend_Share,Influencer_Marketing_Spend_Share,Revenue_Growth_WoW,Marketing_Growth_WoW,Customer_Growth_WoW,Total_Customers,AOV,New_Customer_Share,Naive_ROAS
2022-01-03,519999.53,223673.6,136248.41,363393.5,238683.29,257910.44,32257.12,128006.0,62464.77,1409.66,87896.0,1004.0,2050.0,3054.0,1,Winter,106.13,101.71,4276417.62,2022,1,1,1,1,1900171.8900000001,1020250.35,879921.54,0.536925293637514,0.463074706362486,0.2736592056416538,0.11771229812267141,0.07170320259816074,0.19124243544093264,0.12561142034366163,0.1357300575581086,0.016975895796458706,0.0673654844983524,0.0,0.0,0.0,3054.0,1400.2677210216111,0.3287491814014407,2.2505425127618324
2022-01-10,466692.08,24385.93,70604.83,229173.51,164517.66,75738.62,26600.96,99732.96,0.0,1411.29,75632.0,1167.0,1861.0,3028.0,0,Winter,102.93,98.11,4258203.47,2022,1,2,1,2,1157446.55,595763.7100000001,561682.84,0.5147224379389269,0.4852775620610731,0.4032083209371526,0.021068730992372824,0.06100051013154776,0.19799921646489854,0.14213845123129012,0.06543595468836119,0.022982452191852833,0.08616636336252417,-0.004259207499944906,-0.39087271204711904,-0.008513425016371978,3028.0,1406.2759147952443,0.38540290620871864,3.67896337848171
2022-01-17,511441.69,139458.43,99839.75,210573.21,264900.29,111211.03,29489.21,13635.56,47351.55,1420.73,67611.0,948.0,2076.0,3024.0,0,Winter,109.63,102.33,4238660.04,2022,1,3,1,3,1380549.17,629809.3,750739.87,0.45620200546714323,0.5437979945328568,0.3704624950084176,0.10101663383709832,0.07231886568734093,0.15252858396923305,0.1918803732285754,0.08055564583766328,0.02136049236116668,0.00987691007050477,-0.004589595151497039,0.1927541448890231,-0.0013210039630119352,3024.0,1401.6732936507938,0.3134920634920635,3.070270970500819
2022-01-24,370545.34,185283.68,98364.16,148624.84,184370.74,179185.61,24223.76,63725.51,0.0,1454.25,76513.0,1151.0,2011.0,3162.0,0,Winter,113.86,103.36,4549146.68,2022,1,4,1,4,1254323.6400000001,600130.46,654193.18,0.47844945344408873,0.5215505465559112,0.2954144593814719,0.14771600732965534,0.07842007984478391,0.11849002542916275,0.14698817284508803,0.14285436731464296,0.019312208769341217,0.05080467908585379,0.07325113056247834,-0.0914313903068007,0.045634920634920695,3162.0,1438.6928146742566,0.3640101201771031,3.6267726565370317
2022-01-31,557515.93,84445.57,64774.48,227854.51,317352.88,160141.71,24334.32,118485.87,0.0,1429.19,66169.0,1110.0,2058.0,3168.0,0,Winter,107.42,101.74,4505986.97,2022,1,5,1,5,1554905.27,848169.2899999999,706735.98,0.5454797191599974,0.4545202808400025,0.35855298760419024,0.05430914128935971,0.041658151946452664,0.14653915862025474,0.2040978869407266,0.10299129669809402,0.015650033779871363,0.0762013431210507,-0.009487429849151408,0.23963642270187924,0.00189753320683117,3168.0,1422.3443718434344,0.3503787878787879,2.8979173567274614
2022-02-07,393359.43,114281.03,106919.58,164425.66,200470.18,94520.21,22288.55,119157.07,54988.15,1378.36,57204.0,782.0,1398.0,2180.0,0,Winter,101.42,101.29,2971612.6,2022,2,6,1,6,1215421.71,600861.6699999999,614560.0399999999,0.49436476661256934,0.5056352333874305,0.3236402861357479,0.09402582581810226,0.08796912143358045,0.13528280649191302,0.16493878490947805,0.07776741950742348,0.01833812068405459,0.0980376350197003,-0.3405190428235969,-0.2183307025514165,-0.31186868686868685,2180.0,1363.1250458715597,0.3587155963302752,2.444923087641737
2022-02-14,417951.82,100803.06,101970.03,288512.83,296665.0,128993.9,23084.69,56217.07,0.0,1418.22,71532.0,975.0,2326.0,3301.0,0,Winter,106.22,102.75,4684852.45,2022,2,7,1,7,1414198.4,793473.49,620724.91,0.5610765010057995,0.4389234989942006,0.2955397347359465,0.07127929150535031,0.0721044727529037,0.20401156584535807,0.20977608233752776,0.09121343935900367,0.01632351585180693,0.039751897612103085,0.5765353969760392,0.1635454495872053,0.5142201834862385,3301.0,1419.2221902453803,0.29536504089669796,3.312726453374576
2022-02-21,727322.84,96087.82,89778.86,318424.93,219889.86,122228.81,20148.47,112184.35,0.0,1430.57,90559.0,1282.0,2184.0,3466.0,0,Winter,111.08,96.54,4917920.38,2022,2,8,1,8,1706065.9400000002,792876.42,913189.5199999999,0.4647396102403873,0.5352603897596125,0.42631578472283427,0.05632128146230971,0.05262332357446863,0.18664280350148715,0.1288870815860728,0.071643661088504,0.01180990108741049,0.06575616297691284,0.049749257311187955,0.20638372946822758,0.04998485307482592,3466.0,1418.9037449509522,0.3698788228505482,2.882608617108902
2022-02-28,315401.41,119338.43,71383.45,207312.51,256184.92,133739.97,31092.92,150047.03,0.0,1429.41,69137.0,1153.0,2248.0,3401.0,0,Winter,108.24,103.17,4932905.08,2022,2,9,1,9,1284500.6400000001,778377.3500000001,506123.29,0.6059766151615152,0.3940233848384847,0.24554398820696574,0.09290647764877717,0.0555729189827418,0.16139541199450083,0.19944320152304476,0.10411825874995281,0.02420623161386669,0.11681351128015006,0.0030469586414898497,-0.24709789353159473,-0.018753606462781347,3401.0,1450.4278388709204,0.33901793590120555,3.8403290168855033
2022-03-07,77624.87,190093.4,69671.05,263662.4,162161.73,98264.25,35921.87,140743.36,0.0,1393.64,82509.0,1355.0,2243.0,3598.0,0,Spring,106.24,102.63,4977083.78,2022,3,10,1,10,1038142.9299999999,700753.61,337389.32,0.675006870200426,0.32499312979957395,0.0747728157239389,0.18310908306238718,0.06711123101324787,0.25397504753993755,0.15620366455705673,0.09465387391310366,0.03460204656019764,0.13557223763013057,0.008955919338305973,-0.19179259420221084,0.05792413995883572,3598.0,1383.2917676486938,0.3765981100611451,4.794218248926476
2022-03-14,784300.83,207460.16,77175.7,214047.36,155879.14,121830.88,34534.07,103993.91,0.0,1421.51,69659.0,1038.0,2177.0,3215.0,0,Spring,107.19,103.04,4509406.08,2022,3,11,1,11,1699222.0499999998,630285.36,1068936.69,0.3709258363261,0.6290741636739001,0.46156464954065307,0.12209125935012438,0.04541825478312267,0.12596785687897588,0.091735591590281,0.07169803381494491,0.02032345919710729,0.061200894844790896,-0.09396621006849926,0.6367900805335156,-0.10644802668148967,3215.0,1402.6146438569208,0.3228615863141524,2.653806240332157
2022-03-21,952375.19,120686.86,101612.61,220131.18,232517.0,65536.1,21632.61,88370.89,75041.37,1412.11,90001.0,1191.0,2226.0,3417.0,0,Spring,104.1,104.83,4890739.28,2022,3,12,1,12,1802862.4400000002,628187.78,1174674.6600000001,0.3484391077557753,0.6515608922442248,0.5282572695895755,0.06694180172725768,0.056361820927391434,0.12210092967492293,0.12897101566994762,0.03635113725038278,0.011999035267493841,0.04901698989302811,0.08456395215575707,0.0609928466971108,0.06283048211508557,3417.0,1431.2962481709103,0.3485513608428446,2.7127634208187286
2022-03-28,432862.27,211383.81,68249.46,292027.51,264150.08,131554.99,31858.27,81702.35,0.0,1439.72,92814.0,1116.0,2071.0,3187.0,0,Spring,104.68,103.53,4583077.43,2022,3,13,1,13,1513788.7400000002,801293.2000000001,712495.54,0.5293296077760493,0.4706703922239506,0.2859462873267243,0.139638910248467,0.04508519464875924,0.19291166744971294,0.1744960000164884,0.08690445801572019,0.021045387086179538,0.05397209520794823,-0.06290702333247267,-0.16034151779211725,-0.06731050629206903,3187.0,1438.0537903984937,0.3501725760903671,3.027554181701734
2022-04-04,162615.79,136063.72,99568.06,251652.24,209835.46,143922.73,34966.52,130004.86,80060.97,1367.42,70876.0,1183.0,2283.0,3466.0,0,Spring,102.11,101.65,4800011.09,2022,4,14,2,14,1168629.3800000001,770381.8099999999,398247.57,0.6592182459078685,0.3407817540921314,0.1391508657774803,0.11643017224160494,0.08520071607304618,0.21533964857190221,0.1795568925367938,0.12315515291939691,0.029920966046566442,0.11124558583320915,0.04733362316333367,-0.2280102572304773,0.08754314402259178,3466.0,1384.8849076745528,0.34131563762261974,4.107385260158357
2022-04-11,449786.25,205362.51,61861.09,342400.16,132974.24,118344.32,26887.9,118250.55,0.0,1365.95,95472.0,1165.0,2081.0,3246.0,0,Spring,102.27,103.88,4480465.22,2022,4,15,2,15,1455867.02,738857.17,717009.85,0.50750319902157,0.49249680097843,0.3089473446551458,0.1410585631646495,0.042490893158634774,0.2351864251997411,0.09133680354954396,0.08128786377755848,0.018468651072266203,0.08122345542246022,-0.06657190244116706,0.24579019226779986,-0.06347374495095215,3246.0,1380.3035181762168,0.3589032655576094,3.077523673831144
2022-04-18,453275.78,130570.65,84984.9,229593.52,128716.96,65492.5,29314.47,137349.89,0.0,1363.27,92091.0,1104.0,2128.0,3232.0,0,Spring,97.24,104.52,4507588.94,2022,4,16,2,16,1259298.67,590467.34,668831.3300000001,0.46888586009544503,0.531114139904555,0.35994303083000956,0.10368521234124706,0.06748589673329838,0.1823185599012822,0.10221321046896684,0.05200712234532893,0.023278409402274682,0.10906855797759242,0.006053773139210072,-0.13501806641653302,-0.004313000616142926,3232.0,1394.6747957920793,0.3415841584158416,3.5794438979277254
2022-04-25,468835.79,139190.93,91731.0,304597.78,124705.42,164572.02,20159.22,115403.64,0.0,1352.6,78875.0,1122.0,2293.0,3415.0,0,Spring,97.5,104.82,4505284.03,2022,4,17,2,17,1429195.7999999998,729438.08,699757.72,0.5103835877491384,0.48961641225086167,0.32804167910373094,0.09739108525227964,0.06418364789485108,0.21312529745749328,0.08725565804209613,0.11515008650319292,0.014105289142327457,0.08074725660402865,-0.0005113398827356619,0.1349140867432186,0.05662128712871284,3415.0,1319.2632591508054,0.32855051244509514,3.1523210675542153
2022-05-02,305215.57,147980.66,143252.56,258244.72,104676.55,140505.44,29936.89,145207.44,0.0,1337.44,94787.0,1450.0,2185.0,3635.0,0,Spring,92.72,105.11,4760282.56,2022,5,18,2,18,1275019.8299999998,678571.04,596448.79,0.5322043030499377,0.4677956969500624,0.23938103770511557,0.1160614576480744,0.11235320159687243,0.20254172831178635,0.08209797803693768,0.11019863118521069,0.02347954854945276,0.11388641696655026,0.05659987878722039,-0.10787603070202134,0.0644216691068813,3635.0,1309.5687922971113,0.3988995873452545,3.733496882162217
2022-05-09,598303.25,259136.17,57979.53,292650.61,212897.82,98739.97,24112.66,113145.63,62648.6,1292.75,93154.0,1457.0,2377.0,3834.0,0,Spring,90.97,107.05,4903502.59,2022,5,19,2,19,1656965.6400000001,741546.6900000001,915418.9500000001,0.4475329313406885,0.5524670686593115,0.36108367944189834,0.15639199977616916,0.034991389441243935,0.17661839384913253,0.1284865629440572,0.05959083738151625,0.014552299346412516,0.06828483781957,0.03008645562418044,0.29956068212680287,0.054745529573590135,3834.0,1278.9521622326552,0.3800208659363589,2.959326658095336
2022-05-16,584922.88,165442.76,120189.52,228880.26,270442.77,115100.13,29418.95,142610.29,0.0,1332.09,78453.0,1194.0,2448.0,3642.0,0,Spring,97.34,102.96,4667940.48,2022,5,20,2,20,1657007.5599999998,786452.4,870555.16,0.47462209526672294,0.5253779047332772,0.3529995240335536,0.09984430004652485,0.07253408065319872,0.13812867576777987,0.16321154865461207,0.06946264626577806,0.017754264199011865,0.08606496037954108,-0.04803956063577797,2.529925726135751e-05,-0.0500782472613458,3642.0,1281.6970016474465,0.32784184514003295,2.817090635361978
2022-05-23,233962.14,103053.21,90472.07,247531.1,203784.54,68727.41,21757.03,145563.57,0.0,1341.09,82326.0,1185.0,2027.0,3212.0,0,Spring,92.65,105.63,4324445.06,2022,5,21,2,21,1114851.07,687363.6500000001,427487.42000000004,0.6165519938012887,0.3834480061987114,0.20985954653117928,0.09243675031858739,0.0811517093489447,0.22203064307055828,0.1827908188669541,0.06164716691710221,0.0195156380842869,0.1305677268623871,-0.07358607537343764,-0.32719011251825536,-0.11806699615595828,3212.0,1346.3403051058528,0.36892901618929014,3.8789441714398674
2022-05-30,605507.27,167433.33,95371.71,242708.27,74619.01,86009.61,30531.6,72758.92,0.0,1317.0,71060.0,1155.0,2440.0,3595.0,0,Spring,94.55,107.98,4464230.33,2022,5,22,2,22,1374939.72,506627.4099999999,868312.3099999999,0.36847245201411444,0.6315275479858855,0.4403882302563781,0.1217750331629084,0.06936428456659904,0.17652284421603587,0.05427075013877699,0.06255518605572032,0.022205773501110287,0.052917898102470995,0.032324441185061614,0.2332945242632274,0.11924034869240341,3595.0,1241.7886870653685,0.32127955493741306,3.246855309409492
2022-06-06,828393.17,114595.62,88235.37,205455.75,191070.63,103451.72,32343.36,29482.22,97762.11,1359.07,91562.0,936.0,2260.0,3196.0,0,Spring,92.99,102.05,4363789.47,2022,6,23,2,23,1593027.84,561803.6799999999,1031224.16,0.3526640689468427,0.6473359310531572,0.5200117343837506,0.07193572963545947,0.05538846703394712,0.12897185149005305,0.11994180214703593,0.06494030889001914,0.020303072669464458,0.01850703375027018,-0.02249903176478807,0.15861649556534752,-0.11098748261474267,3196.0,1365.390948060075,0.2928660826032541,2.7393052151555617
2022-06-13,506136.84,108602.98,94307.97,277247.49,191182.95,167526.93,24553.02,170993.3,88152.67,1314.56,109774.0,1390.0,2273.0,3663.0,0,Spring,91.66,105.97,4790606.47,2022,6,24,2,24,1540551.48,831503.69,709047.79,0.5397441765464404,0.46025582345355964,0.3285426333172586,0.0704961706310522,0.06121701950524886,0.17996639099655404,0.12410033191490623,0.10874477885023355,0.015937812087915428,0.11099486269683113,0.09780879736161974,-0.032941269877618806,0.14612015018773472,3663.0,1307.8368741468742,0.3794703794703795,3.109669837193626
2022-06-20,416773.21,160367.59,80783.92,274428.64,315301.23,98128.08,22889.98,115631.4,0.0,1334.56,104531.0,1045.0,2479.0,3524.0,0,Spring,94.54,104.51,4741256.22,2022,6,25,2,25,1484304.05,826379.33,657924.7200000001,0.5567453177804103,0.44325468221958975,0.2807869519725423,0.10804227745656289,0.05442545279048453,0.18488707889734587,0.21242361361204934,0.06611049804788985,0.015421355213576356,0.07790277200954884,-0.01030146189403025,-0.03651123038095416,-0.03794703794703791,3524.0,1345.4189046538024,0.2965380249716232,3.194262132478854
2022-06-27,599922.55,169916.29,153028.24,363676.22,157459.75,193761.12,24994.48,44107.45,84991.73,1309.02,104193.0,1419.0,2492.0,3911.0,1,Spring,100.15,105.0,5081697.14,2022,6,26,2,26,1706866.0999999999,783999.0199999999,922867.0800000001,0.4593207516395105,0.5406792483604895,0.35147604724237014,0.09954869336264867,0.08965450775547068,0.21306663715449034,0.09225079225605337,0.1135186409759969,0.01464349195288371,0.025841189300086283,0.07180394903863685,0.14994370594084128,0.1098183881952326,3911.0,1299.334477115827,0.3628228074661212,2.977209014813757
2022-07-04,562305.55,133690.78,72866.53,312129.58,173966.75,100093.18,26045.61,73657.16,0.0,1316.04,88838.0,1104.0,2278.0,3382.0,0,Spring,99.01,103.97,4377228.88,2022,7,27,3,27,1454755.1400000001,685892.28,768862.8600000001,0.4714829741038069,0.5285170258961931,0.38652934403792516,0.0918991631815097,0.050088518676758204,0.21455815581445548,0.11958490141509312,0.06880414253081793,0.017903775889047555,0.05063199845439281,-0.13862854093662103,-0.14770400560418873,-0.13525952441830735,3382.0,1294.272288586635,0.3264340626848019,3.0089110941378077
2022-07-11,180487.75,122587.62,104419.97,305316.72,286169.34,127155.35,24551.58,133771.17,0.0,1301.56,100311.0,1070.0,2090.0,3160.0,0,Spring,93.84,105.46,4122847.98,2022,7,28,3,28,1284459.5,876964.16,407495.33999999997,0.6827495611967525,0.31725043880324755,0.1405164974061074,0.0954390698967153,0.08129487150042489,0.23770054252391762,0.2227935874973092,0.09899521938994574,0.019114327855413116,0.10414588393016674,-0.058114598750431345,-0.11706137707820718,-0.06564163217031338,3160.0,1304.6987278481013,0.33860759493670883,3.209792118786151
2022-07-18,479105.09,133009.14,67565.85,217129.21,216250.54,112387.24,20468.24,90021.95,0.0,1320.6,73435.0,1159.0,2112.0,3271.0,0,Spring,100.0,109.49,4171688.29,2022,7,29,3,29,1335937.2599999998,656257.1799999999,679680.08,0.4912335329280359,0.5087664670719642,0.3586284358892723,0.09956241507928301,0.05057561610340894,0.16252949633278438,0.1618717783198891,0.08412613628277725,0.01532125842496526,0.06738486356761994,0.011846255364477365,0.040077371065416756,0.03512658227848098,3271.0,1275.3556374197494,0.3543258942219505,3.122667818996231
2022-07-25,387224.86,134854.02,78535.95,250241.59,220579.25,146929.57,28260.37,79959.91,0.0,1292.42,73792.0,1277.0,2307.0,3584.0,0,Spring,107.64,103.26,4610364.38,2022,7,30,3,30,1326585.52,725970.69,600614.83,0.5472475607905022,0.45275243920949776,0.29189588922996834,0.10165497660490067,0.05920157337462872,0.18863585213865441,0.1662759367371958,0.11075770674777154,0.02130308945329058,0.06027497571358988,0.10515552924976568,-0.007000134123064883,0.09568939162335677,3584.0,1286.373989955357,0.35630580357142855,3.4753616035248145
2022-08-01,731655.64,49633.1,57819.74,202322.38,195191.86,97032.44,24494.31,155747.36,0.0,1300.15,84795.0,1078.0,2246.0,3324.0,0,Spring,103.19,103.42,4299042.74,2022,8,31,3,31,1513896.83,674788.35,839108.48,0.4457294160527438,0.5542705839472561,0.4832929335085535,0.03278499499863541,0.038192655440067204,0.1336434398901542,0.1289333963398285,0.0640944865443704,0.016179642836031304,0.1028784504423594,-0.06752647173627513,0.14119806614503072,-0.0725446428571429,3324.0,1293.334157641396,0.3243080625752106,2.8397197581819364
2022-08-08,413615.38,140945.94,87212.81,230695.98,205230.25,60648.31,21883.1,57617.82,50187.8,1297.36,74122.0,1156.0,2052.0,3208.0,0,Spring,99.81,103.1,4238415.57,2022,8,32,3,32,1217849.5900000003,576075.46,641774.1300000001,0.47302677172145685,0.526973228278543,0.33962763825375175,0.11573345440794537,0.07161213561684573,0.18942895895707446,0.168518552442917,0.04979950767155079,0.01796863929641754,0.047311113353497115,-0.014102481335182104,-0.19555311440872736,-0.03489771359807459,3208.0,1321.2018609725687,0.36034912718204487,3.480245512091521
2022-08-15,692213.83,82215.05,105773.32,200932.0,227479.77,66830.66,23787.04,67115.53,0.0,1284.95,81425.0,1200.0,2351.0,3551.0,0,Spring,112.04,109.09,4524833.28,2022,8,33,3,33,1466347.2,586145.0,880202.2,0.3997313869457384,0.6002686130542616,0.4720667997320143,0.05606792852334018,0.07213388479890712,0.1370289383032886,0.15513363410793843,0.04557628643475434,0.016221969803604495,0.04577055829615251,0.0675765991488182,0.204046223803384,0.10692019950124698,3551.0,1274.2419825401296,0.33793297662630245,3.0857857402394195
2022-08-22,266450.22,65683.44,75694.24,300910.27,143802.64,95503.54,29976.44,106438.01,0.0,1300.35,66600.0,1025.0,2360.0,3385.0,0,Spring,109.28,104.62,4413288.48,2022,8,34,3,34,1084458.7999999998,676630.9,407827.89999999997,0.6239341688222735,0.37606583117772663,0.24569879464300537,0.06056794412106759,0.06979909241365372,0.2774750594490082,0.13260313808140986,0.08806562314769359,0.027641843101831074,0.0981485050423308,-0.02465169280225943,-0.2604351820632932,-0.046747395099971834,3385.0,1303.7779852289514,0.30280649926144754,4.069576898633679
2022-08-29,520601.93,113139.66,72992.92,242986.6,230890.37,70816.41,28067.73,113087.63,0.0,1339.33,81590.0,1047.0,2043.0,3090.0,0,Spring,107.57,105.4,4189852.08,2022,8,35,3,35,1392583.25,685848.74,706734.51,0.4925010695051804,0.5074989304948196,0.37383900028956973,0.08124444983809766,0.0524154803671522,0.17448622909976835,0.1658000482197384,0.05085255046691105,0.02015515409940483,0.08120708761935777,-0.050628097622116064,0.28412739146936716,-0.08714918759231904,3090.0,1355.9391844660195,0.3388349514563107,3.008690561228566
2022-09-05,478190.27,117585.25,55156.78,216204.36,113853.7,126940.99,25187.83,116998.41,0.0,1292.42,68188.0,1211.0,1918.0,3129.0,0,Spring,106.88,104.52,4107185.37,2022,9,36,3,36,1250117.59,599185.29,650932.3,0.4793031429947322,0.5206968570052678,0.3825162319330296,0.0940593516486717,0.0441212734235665,0.17294721850926037,0.09107439244975346,0.10154323962436206,0.02014836860266881,0.09358992380868747,-0.019730221597703768,-0.10230315494603281,0.012621359223300876,3129.0,1312.6191658676894,0.3870246085011186,3.285439228160928
2022-09-12,298523.59,90602.22,71897.48,279886.62,201863.35,97187.91,28060.27,133131.44,0.0,1310.17,71422.0,1310.0,1974.0,3284.0,0,Spring,111.11,103.31,4084559.36,2022,9,37,3,37,1201152.88,740129.5900000001,461023.29000000004,0.6161826711017836,0.38381732889821657,0.24853088642638066,0.0754293824779407,0.0598570599938952,0.23301498473699703,0.16805799941136554,0.08091218996203049,0.023361114531898722,0.11083638245949176,-0.005508884542993031,-0.03916808338006039,0.049536593160754316,3284.0,1243.77568818514,0.3989037758830694,3.4005324617795534
2022-09-19,455201.7,142784.78,45853.64,127992.19,194321.23,193656.52,21226.92,105428.37,0.0,1331.6,57530.0,1110.0,1907.0,3017.0,0,Spring,105.76,104.58,4038473.99,2022,9,38,3,38,1286465.35,642625.2300000001,643840.12,0.49952781860778456,0.5004721813922155,0.35383906764375733,0.11098999285134263,0.03564312089711549,0.09949136212646535,0.1510504966185059,0.15053380178486733,0.016500187898570294,0.0819519701793756,-0.01128282537678671,0.07102548844573398,-0.08130328867235082,3017.0,1338.5727510772292,0.3679151474975141,3.1392015261040647
2022-09-26,824646.08,92222.52,79435.11,182830.15,207266.06,73276.27,34959.39,158083.14,72322.7,1334.54,77480.0,1068.0,2314.0,3382.0,1,Spring,110.03,109.8,4649282.12,2022,9,39,3,39,1652718.7199999997,656415.01,996303.71,0.3971728534665597,0.6028271465334405,0.4989633565716495,0.055800493383411316,0.04806329657837966,0.11062387554973663,0.12540915613275078,0.04433680644701599,0.021152655667868277,0.09565035966918801,0.15124726109725417,0.2846974230592372,0.12098110705999332,3382.0,1374.7138143110585,0.3157894736842105,2.8131115499193964
2022-10-03,514482.35,135840.47,109002.08,356399.95,249961.88,163122.38,35710.95,119001.81,81482.08,1317.82,105288.0,1258.0,2196.0,3454.0,1,Spring,107.12,107.49,4616561.39,2022,10,40,4,40,1683521.8699999999,924196.97,759324.8999999999,0.5489664176444586,0.45103358235554136,0.30559885153140304,0.0806882716646859,0.06474645915945244,0.21169903186348274,0.14847557638202824,0.09689353189097569,0.021212049950975687,0.07068622755699634,-0.0070378026446802355,0.018637865976371515,0.021289178001182796,3454.0,1336.584073537927,0.36421540243196293,2.742204584488112
2022-10-10,175952.25,94866.52,101995.79,231857.21,154762.63,75783.5,24197.92,101404.75,0.0,1276.24,101470.0,1626.0,2747.0,4373.0,0,Spring,104.9,102.81,5586599.84,2022,10,41,4,41,960820.5700000001,588006.01,372814.56,0.6119831614346058,0.38801683856539415,0.18312706398448567,0.09873489698498024,0.10615487759592822,0.24131166342535731,0.16107339375550628,0.07887372769298642,0.025184639833429043,0.10553973672732672,0.2101214232959654,-0.4292794248048586,0.2660683265778807,4373.0,1277.5211159387147,0.3718271209695861,5.814404910169648
2022-10-17,431112.52,114057.7,131275.21,242349.49,132164.97,98313.94,27939.12,103945.77,40688.66,1340.94,83340.0,1150.0,1987.0,3137.0,0,Spring,103.09,105.61,4161098.95,2022,10,42,4,42,1281158.72,604713.2899999999,676445.4299999999,0.47200497530860186,0.527995024691398,0.3365020377802994,0.08902698644552019,0.10246600046557854,0.18916429808166157,0.10316049677279643,0.07673829828048159,0.021807696083120755,0.08113418609054154,-0.2551643093878726,0.33340059528492394,-0.2826434941687629,3137.0,1326.4580650302837,0.3665922856232069,3.2479183765771036
2022-10-24,298811.44,126213.6,66259.97,171078.29,171649.03,121363.41,23362.46,109199.09,0.0,1293.2,79699.0,1093.0,1873.0,2966.0,0,Spring,100.5,102.44,3792974.07,2022,10,43,4,43,1087937.29,596652.28,491285.01,0.5484252497678428,0.4515747502321572,0.27465869838876467,0.11601183373354176,0.0609042181098508,0.1572501389303422,0.15777474637347894,0.11155368155456828,0.02147408698528938,0.10037259592416396,-0.08846818699180425,-0.15081771445149272,-0.05451067899266815,2966.0,1278.8179602157788,0.36850977747808494,3.4863903506791276
2022-10-31,387605.03,81924.31,106379.66,234154.51,132977.98,35568.1,28777.02,132975.35,0.0,1374.16,65529.0,1047.0,1866.0,2913.0,0,Spring,102.49,100.32,3949968.12,2022,10,44,4,44,1140361.96,564452.96,575909.0,0.49497701589414644,0.5050229841058536,0.3398964921628919,0.07184061979759479,0.0932858721453669,0.20533349779573498,0.11661032607576634,0.031190184562101667,0.025234987670055217,0.11660801979048828,0.04139075224418831,0.04818721674665638,-0.01786918408631155,2913.0,1355.9794438722965,0.35942327497425336,3.4637845338159123
2022-11-07,431867.05,144308.9,83849.35,333322.54,212299.02,127437.68,29280.34,125577.5,103576.01,1355.39,88772.0,1049.0,1977.0,3026.0,0,Spring,95.11,105.68,4154578.1,2022,11,45,4,45,1487942.38,827917.08,660025.2999999999,0.5564174333148573,0.44358256668514273,0.2902444716978893,0.09698554321707001,0.05635255177018347,0.22401575792202383,0.14267959757957832,0.08564691866629943,0.019678409858854884,0.0843967492881008,0.05180041301194094,0.3047983291199927,0.03879162375557854,3026.0,1372.9603767349636,0.3466622604097819,2.79216329600075
2022-11-14,181072.77,122074.6,76853.23,280708.88,133676.2,189278.28,15401.84,105902.2,0.0,1379.21,73612.0,888.0,1818.0,2706.0,0,Spring,91.3,105.72,3707471.19,2022,11,46,4,46,1104968.0,724967.3999999999,380000.6,0.6560980951484567,0.3439019048515432,0.16387150578116289,0.11047795049268395,0.06955244857769637,0.25404254240846796,0.12097744007066269,0.17129752173818608,0.013938720397332774,0.09584187053380731,-0.10761788543582806,-0.25738522213474413,-0.10575016523463321,2706.0,1370.0928270509978,0.328159645232816,3.3552747138378667
2022-11-21,266604.58,70750.39,120874.23,340954.99,323592.33,142452.18,44163.65,96310.43,97806.97,1348.25,83908.0,889.0,2210.0,3099.0,1,Spring,96.63,105.25,4253066.19,2022,11,47,4,47,1405702.7799999998,947473.5800000001,458229.2,0.6740212749668179,0.32597872503318237,0.18965928202831045,0.050330973948845725,0.08598846905602621,0.24255126677632383,0.23019967990672968,0.1013387623804799,0.031417487841917766,0.06851407806136657,0.14716095474230784,0.2721660536775723,0.1452328159645233,3099.0,1372.399545014521,0.28686673120361406,3.0255799807125663
2022-11-28,725940.79,68312.57,112134.16,305136.63,183149.61,180291.37,20635.29,148357.58,104864.7,1342.09,66345.0,1188.0,2114.0,3302.0,1,Spring,95.53,101.96,4487513.04,2022,11,48,4,48,1743958.0000000005,837570.48,906387.5200000001,0.48026986888445694,0.5197301311155429,0.4162604776032449,0.03917099494368556,0.0642986585686123,0.17496787766677863,0.10501950735052103,0.10338056879810176,0.011832446652958383,0.08506946841609715,0.05512419499871446,0.24063068296699308,0.06550500161342376,3302.0,1359.0287825560267,0.35978195033313143,2.573177243947388
2022-12-05,380791.33,123822.61,85141.32,231651.67,173143.89,164414.24,25938.44,107384.54,0.0,1384.85,61582.0,1093.0,2006.0,3099.0,0,Winter,94.21,102.3,4371976.72,2022,12,49,4,49,1292288.04,702532.78,589755.26,0.5436348230847977,0.4563651769152023,0.29466443874231013,0.09581657197725052,0.06588416619564165,0.17925699443910353,0.13398242856136006,0.12722723952471152,0.02007171713823181,0.08309644342139079,-0.02574618033867604,-0.25899130598328646,-0.06147789218655364,3099.0,1410.770158115521,0.3526944175540497,3.3831286715305358
2022-12-12,48332.32,117591.27,75389.0,146622.16,172396.56,121403.7,33482.28,118793.56,0.0,1385.04,88013.0,1097.0,1916.0,3013.0,0,Winter,93.44,103.87,4274543.83,2022,12,50,4,50,834010.8500000001,592698.26,241312.59,0.7106601311002129,0.2893398688997871,0.05795166813477306,0.1409948923326357,0.09039330843237829,0.17580366010825876,0.20670781441272615,0.14556609185599922,0.040146096420688046,0.14243646830254064,-0.02228577511730201,-0.35462464699433416,-0.02775088738302678,3013.0,1418.7002422834385,0.364088947892466,5.125285636271998
2022-12-19,823722.2,166976.44,74727.56,368164.68,392754.83,144550.57,37893.19,284631.24,80425.16,1381.43,112157.0,1200.0,2541.0,3741.0,1,Winter,91.04,102.89,5060368.43,2022,12,51,4,51,2293420.71,1227994.51,1065426.2,0.5354423218756057,0.46455767812439436,0.3591675074740212,0.07280672022884105,0.03258345042153212,0.16053080814814827,0.17125284876319097,0.06302837040309103,0.016522563799469658,0.12410773076170573,0.18383823660547183,1.749869153380918,0.24161964819117165,3741.0,1352.6780085538626,0.32076984763432237,2.2064719342313777
2022-12-26,717425.71,173196.75,71506.3,415722.74,317846.3,56411.13,31521.4,121381.13,90930.23,1397.91,126780.0,1471.0,2456.0,3927.0,1,Winter,94.5,101.04,5414467.54,2022,12,52,4,52,1905011.46,942882.7000000001,962128.76,0.49494857107053836,0.5050514289294616,0.3765991570465408,0.090916382203811,0.03753588967910986,0.2182258473132755,0.1668474477313643,0.029611963594171762,0.016546567126688047,0.06371674530503875,0.06997496622987986,-0.16935804595572868,0.049719326383319995,3927.0,1378.7796129360836,0.3745861981156099,2.8422230803797897
2023-01-02,497931.49,188986.16,137277.21,247304.43,277924.95,215265.48,34301.41,182265.28,95347.65,1455.84,104519.0,1423.0,1978.0,3401.0,1,Winter,92.48,98.32,4856023.25,2023,1,1,1,1,1781256.41,957061.55,824194.86,0.5372957787699976,0.4627042212300025,0.2795394796642444,0.10609711153264005,0.07706763003311803,0.13883707511823073,0.15602748062531885,0.120850360897789,0.019256862632146265,0.10232399949651269,-0.10313928117112692,-0.06496289003951716,-0.1339444868856634,3401.0,1427.822184651573,0.4184063510732138,2.726178680811035
2023-01-09,268548.71,170600.24,82431.21,235608.96,253181.48,131154.52,35608.24,167361.62,0.0,1420.72,68468.0,1219.0,2178.0,3397.0,0,Winter,91.96,101.52,4822867.45,2023,1,2,1,2,1344494.98,822914.82,521580.16000000003,0.6120623968413775,0.38793760315862247,0.19973946648726054,0.12688797097628435,0.06131016569507757,0.1752397468973815,0.18830972503891388,0.0975492820359954,0.026484472258870018,0.12447917061021678,-0.006827767968367926,-0.24519851692772288,-0.0011761246692149063,3397.0,1419.7431410067707,0.3588460406240801,3.58712194671043
2023-01-16,651982.48,89675.34,76311.51,211729.92,92417.32,95903.66,22284.04,123633.1,0.0,1427.77,94110.0,1203.0,2225.0,3428.0,0,Winter,93.57,103.18,4819177.35,2023,1,3,1,3,1363937.37,545968.04,817969.33,0.4002882038491254,0.5997117961508746,0.47801496926504766,0.06574740304974559,0.055949423836081265,0.15523434188184168,0.06775774462430045,0.07031382973251916,0.016338022910832042,0.09064426469963206,-0.0007651257344840623,0.01446073826173766,0.009125699146305566,3428.0,1405.8276983663943,0.3509334889148191,3.533283460075589
2023-01-23,572889.35,88265.26,90943.64,225434.13,225817.03,144991.49,37123.19,233451.58,0.0,1425.58,78287.0,1182.0,2025.0,3207.0,0,Winter,101.9,98.35,4739048.73,2023,1,4,1,4,1618915.67,866817.42,752098.25,0.5354308665132632,0.46456913348673684,0.35387226191960947,0.054521221602605155,0.05617564996452224,0.13925007594743957,0.1394865922818574,0.08956086637916105,0.022930897938618387,0.14420243396618676,-0.016627032827500998,0.18694282128218243,-0.0644690781796966,3207.0,1477.72021515435,0.3685687558465856,2.927298078472488
2023-01-30,946673.46,92504.28,110007.41,286104.84,361147.93,116754.51,31901.96,103753.5,0.0,1439.36,106149.0,1488.0,2109.0,3597.0,0,Winter,92.14,101.76,5089194.25,2023,1,5,1,5,2048847.89,899662.74,1149185.15,0.43910665325184295,0.560893346748157,0.46205160696434133,0.045149413214858033,0.05369232656895774,0.13964181596711897,0.17626878586872546,0.05698544561060607,0.015570682506840466,0.05063992329855195,0.07388519087880319,0.26556801442288847,0.1216089803554723,3597.0,1414.8441061996107,0.41367806505421184,2.4839297611302906
2023-02-06,598245.5,151133.05,96899.74,167109.62,243162.32,120573.98,26741.07,139792.27,0.0,1406.17,66081.0,1090.0,2301.0,3391.0,0,Winter,100.48,100.89,4751086.57,2023,2,6,1,6,1543657.55,697379.26,846278.29,0.4517707052318696,0.5482292947681304,0.38755065849935433,0.09790581466724921,0.06277282160152685,0.10825562962458869,0.15752348699360166,0.07810928013146438,0.01732318803480733,0.0905591204474075,-0.0664363872532473,-0.2465728873606131,-0.057269947178204106,3391.0,1401.0871630787378,0.3214391035092893,3.0778112477084054
2023-02-13,597854.25,192808.24,78236.57,325445.98,241649.71,171278.04,30055.32,85166.82,0.0,1368.19,95761.0,1430.0,2636.0,4066.0,0,Winter,95.61,101.47,5493812.44,2023,2,7,1,7,1722494.9300000002,853595.8699999999,868899.06,0.49555784178708717,0.5044421582129127,0.3470862175484023,0.11193544703205598,0.04542049363245441,0.1889387157731721,0.14029052033262007,0.09943601982038924,0.01744871318721385,0.04944387267369199,0.1563275808716742,0.11585301416107496,0.19905632556767916,4066.0,1351.1589867191344,0.35169699950811606,3.189450572141887
2023-02-20,499762.17,123223.87,123287.65,336967.96,276349.11,87624.02,28197.71,108665.32,0.0,1403.97,143498.0,1574.0,3325.0,4899.0,0,Winter,101.97,101.46,6825498.39,2023,2,8,1,8,1584077.8100000003,837804.1200000001,746273.6900000001,0.5288907620011418,0.4711092379988581,0.31549092275965906,0.07778902603275528,0.0778292892064437,0.21272184855616402,0.17445425234509152,0.05531547721131198,0.01780071018102324,0.06859847370755101,0.24239741792131508,-0.08035850648338327,0.20486965076242014,4899.0,1393.24319044703,0.32129005919575426,4.308815101702611
2023-02-27,687353.57,35563.51,132547.3,280649.98,302391.33,194165.43,37941.33,140303.16,0.0,1421.59,112974.0,1270.0,2547.0,3817.0,0,Winter,102.53,98.09,5535275.79,2023,2,9,1,9,1810915.6099999999,955451.23,855464.3799999999,0.5276067116125859,0.4723932883874141,0.3795613479746856,0.019638413741433266,0.0731935266712953,0.15497684069331094,0.1669825630361649,0.1072194799844925,0.020951462227441955,0.07747636567117559,-0.1890298006502057,0.14319864754623346,-0.2208614002857726,3817.0,1450.1639481268012,0.33272203301021747,3.0566171937741484
2023-03-06,655320.1,70085.8,107407.0,150059.64,107388.45,86471.49,37561.48,172140.01,0.0,1382.77,89504.0,1247.0,2293.0,3540.0,0,Spring,98.96,96.01,5045846.68,2023,3,10,1,10,1386433.97,553621.0700000001,832812.9,0.39931297269065047,0.6006870273093496,0.4726659286918655,0.050551127220288754,0.07746997139719536,0.10823424933825014,0.077456591748109,0.06236971386383443,0.027092152105880674,0.12416026563457618,-0.08842000445293086,-0.2344016682257214,-0.07257008121561437,3540.0,1425.380418079096,0.3522598870056497,3.639442475576388
2023-03-13,776808.47,108045.14,119403.65,240047.19,129742.2,120094.54,25282.08,145978.39,0.0,1394.69,81652.0,1448.0,2229.0,3677.0,0,Spring,107.53,97.95,5202686.98,2023,3,11,1,11,1665401.6600000001,661144.4,1004257.26,0.3969879554461354,0.6030120445538645,0.4664391111511201,0.06487632539047666,0.07169660801226774,0.14413771510231352,0.07790444978900765,0.07211145688422094,0.015180770265354485,0.08765356340523883,0.03108304907908943,0.20121238806634278,0.03870056497175134,3677.0,1414.927109056296,0.39379929290182214,3.123983303823535
2023-03-20,443058.61,120337.6,126259.76,375694.33,261102.82,237620.59,32174.4,195686.5,0.0,1379.72,91627.0,1571.0,2251.0,3822.0,0,Spring,106.09,100.58,5214181.09,2023,3,12,1,12,1791934.61,1102278.6400000001,689655.97,0.6151332944007372,0.3848667055992629,0.2472515500998108,0.06715512905908994,0.07046002644036212,0.20965850422410223,0.14571001561267907,0.13260561444259397,0.017955119467222076,0.10920404065413972,0.0022092641829472015,0.07597743717872829,0.0394343214577102,3822.0,1364.2546023024595,0.4110413396127682,2.9098054476440964
2023-03-27,460260.7,127062.33,123809.06,134465.42,198009.23,202455.02,29931.78,125694.91,0.0,1418.31,105274.0,1310.0,2264.0,3574.0,0,Spring,101.49,97.52,4999637.04,2023,3,13,1,13,1401688.45,690556.3600000001,711132.0900000001,0.49266037684765124,0.5073396231523489,0.32836162700777055,0.09064948063173382,0.08832851551284453,0.09593103232034196,0.14126479389910077,0.14443653295423814,0.021354089063086737,0.08967392861088354,-0.041146259843460875,-0.21777924139765348,-0.06488749345892209,3574.0,1398.8911695579184,0.36653609401231113,3.5668675446387534
2023-04-03,452245.24,146572.8,111427.21,282287.96,339400.99,156128.51,41163.23,113596.41,0.0,1397.41,87038.0,1166.0,2279.0,3445.0,0,Spring,110.52,97.03,4949186.36,2023,4,14,2,14,1642822.3499999999,932577.1,710245.25,0.5676676483004994,0.43233235169950057,0.27528554137335665,0.0892201156138398,0.06782669471230411,0.1718310929967565,0.2065962823064831,0.09503675793064296,0.025056409781617595,0.06914710528499933,-0.010090868516327234,0.1720310244405594,-0.03609401231113596,3445.0,1436.6288417997098,0.3384615384615385,3.012612021013715
2023-04-10,693276.04,131254.74,110970.91,232080.63,226606.19,109029.46,27528.69,273050.25,0.0,1389.13,87397.0,1532.0,1985.0,3517.0,0,Spring,112.17,94.59,4982795.12,2023,4,15,2,15,1803796.91,868295.22,935501.6900000001,0.48137083237380646,0.5186291676261936,0.38434262535686464,0.07276580820841964,0.061520734060909334,0.12866228382661993,0.12562733018541428,0.06044442109616432,0.015261524092532125,0.15137527317307578,0.006790764694502238,0.09798658996817289,0.020899854862119094,3517.0,1416.7742735285756,0.4355985214671595,2.762392535643051
2023-04-17,826105.14,190001.31,108855.62,352652.59,113913.83,127769.07,42826.06,151859.55,0.0,1381.83,94481.0,1252.0,2380.0,3632.0,0,Spring,111.85,101.58,5091819.74,2023,4,16,2,16,1913983.1700000002,789021.1000000001,1124962.0699999998,0.4122403542346718,0.5877596457653281,0.43161567611903295,0.09927010486722304,0.05687386477907221,0.18425062222464578,0.05951663096389714,0.06675558698878215,0.022375358713316165,0.07934215534403052,0.02188021328880163,0.061085734978889805,0.03269832243389259,3632.0,1401.9327477973568,0.3447136563876652,2.6603262869861073
2023-04-24,453405.77,114828.12,69683.36,262423.26,160094.95,155028.36,34303.67,93305.03,0.0,1361.66,84190.0,1166.0,2336.0,3502.0,0,Spring,107.66,99.58,4802191.63,2023,4,17,2,17,1343072.5199999998,705155.2700000001,637917.25,0.5250314182587849,0.47496858174121537,0.3375884498031425,0.085496589566139,0.05188354237193388,0.19539023849583345,0.11920052537446008,0.1154281378640671,0.025541189689444323,0.06947132683497985,-0.05688106115084124,-0.2982840491747899,-0.03579295154185025,3502.0,1371.271167904055,0.3329525985151342,3.575526681165363
2023-05-01,457795.53,106301.52,112345.63,327085.09,56972.86,153020.86,28396.44,94391.81,0.0,1359.19,85853.0,1006.0,2435.0,3441.0,0,Spring,105.63,99.33,4807970.18,2023,5,18,2,18,1336309.7400000002,659867.06,676442.68,0.49379798728399593,0.506202012716004,0.3425819002112489,0.07954856334430369,0.08407154916045137,0.2447674219601213,0.042634471855305035,0.1145100237015409,0.021249893755919187,0.07063617601110951,0.0012033151621648752,-0.005035305167288784,-0.017418617932609903,3441.0,1397.259569892473,0.2923568730020343,3.597945922327857
2023-05-08,593507.97,163079.29,62840.79,335637.25,230538.02,146657.84,30784.38,81110.65,0.0,1324.3,88223.0,1351.0,2177.0,3528.0,0,Spring,108.15,99.61,4808942.65,2023,5,19,2,19,1644156.19,824728.14,819428.05,0.5016117963829215,0.49838820361707853,0.3609802849691549,0.09918722502878514,0.03822069361913846,0.2041395166964034,0.14021661774116484,0.08919945738245222,0.01872351312316624,0.04933269143973481,0.00020226206977036476,0.2303705801021847,0.02528334786399311,3528.0,1363.078982426304,0.38293650793650796,2.9248697169093165
2023-05-15,485469.17,76388.57,75669.89,410334.34,232598.56,148670.79,30003.48,178146.58,0.0,1297.06,122914.0,1548.0,2514.0,4062.0,0,Spring,107.7,98.72,5356841.38,2023,5,20,2,20,1637281.3800000001,999753.75,637527.63,0.6106181638735793,0.3893818361264207,0.2965093086198781,0.046655737329645806,0.046216790176896776,0.2506193162717089,0.1420638888594702,0.0908034451598051,0.018325182443594393,0.10880633113900066,0.11393330506863064,-0.004181360652846355,0.15136054421768708,4062.0,1318.769419005416,0.3810930576070901,3.271790325985384
2023-05-22,702731.01,156990.6,124243.33,286300.05,215137.61,139610.24,27427.03,110078.35,48554.14,1336.71,111835.0,1542.0,2119.0,3661.0,0,Spring,104.42,97.0,4884643.68,2023,5,21,2,21,1762518.2200000002,778553.2799999999,983964.94,0.4417277910466082,0.5582722089533916,0.398708508102685,0.08907176006384773,0.07049194078685893,0.16243806546294878,0.12206263036531897,0.07921066484067324,0.015561274594937235,0.062455155782730004,-0.0881485312899073,0.07649072513119282,-0.09871984244214671,3661.0,1334.237552581262,0.421196394427752,2.771400388700662
2023-05-29,110727.97,143648.26,112422.74,318752.16,315827.42,84105.52,34167.37,134536.84,0.0,1333.34,118333.0,1161.0,2605.0,3766.0,0,Spring,96.53,97.09,5142591.03,2023,5,22,2,22,1254188.2800000003,887389.3099999999,366798.97000000003,0.7075407449988288,0.2924592550011709,0.08828656093007023,0.11453484480017624,0.08963784927092444,0.2541501663530135,0.2518181879358655,0.06705972407906728,0.02724261623621614,0.1072700503946664,0.052807812994867254,-0.2884111688785832,0.028680688336520044,3766.0,1365.5313409453001,0.3082846521508232,4.1003341460023845
2023-06-05,367946.73,131961.76,126273.2,206882.5,321585.78,124344.35,27282.43,123851.45,0.0,1344.55,92992.0,1383.0,2136.0,3519.0,0,Spring,98.31,96.51,4741987.09,2023,6,23,2,23,1430128.2,803946.51,626181.69,0.5621499597029134,0.43785004029708663,0.25728234014265294,0.09227267877103607,0.08829502138339766,0.14466010809380586,0.22486500161314213,0.08694629614324087,0.019076912125780054,0.08660164172694448,-0.0778992413868852,0.14028190408540553,-0.06558682952734995,3519.0,1347.5382466609833,0.39300937766410915,3.315777627488221
2023-06-12,372255.95,201841.23,84946.22,361467.47,227477.88,186033.42,22326.29,162960.97,0.0,1345.72,95722.0,1327.0,2409.0,3736.0,0,Spring,97.48,102.6,4923478.7,2023,6,24,2,24,1619309.43,960266.03,659043.4,0.5930095954545266,0.40699040454547347,0.22988561858742465,0.12464648587886011,0.0524583000791887,0.22322322300068367,0.14047832723360354,0.11488441711847501,0.013787537814807885,0.10063609028695647,0.038273324358628846,0.13228270724260938,0.06166524580846833,3736.0,1317.8476177730192,0.3551927194860814,3.04048047197502
2023-06-19,95315.09,110035.15,64211.27,245471.13,95288.65,85331.68,31024.73,82671.86,0.0,1340.14,87576.0,1200.0,2042.0,3242.0,0,Spring,89.36,98.43,4461271.3,2023,6,25,2,25,809349.5599999999,539788.05,269561.51,0.6669405615047225,0.33305943849527764,0.11776751938927353,0.13595503777131848,0.0793368813346856,0.3032943268666261,0.11773485118099032,0.10543241661859926,0.0383329176085547,0.10214604922995202,-0.0938782166357296,-0.5001884476149812,-0.1322269807280514,3242.0,1376.0861505243677,0.3701418877236274,5.512168685184681
2023-06-26,449056.57,292373.46,113219.57,343976.13,371772.51,182697.34,32119.91,95321.41,80487.06,1283.83,121962.0,1175.0,2822.0,3997.0,1,Spring,95.05,96.39,5152554.31,2023,6,26,2,26,1880536.9,1025887.3,854649.6000000001,0.5455289391024447,0.45447106089755546,0.23879168231157816,0.15547339698572255,0.0602059816002547,0.18291378914181372,0.19769487639407662,0.09715169109417635,0.017080180665425923,0.05068840180695205,0.1549520223080807,1.3235163061063506,0.23288093769278229,3997.0,1289.105406554916,0.2939704778583938,2.739937892205146
2023-07-03,337460.98,123443.02,90516.08,283173.0,268911.06,107243.86,28675.81,133845.57,0.0,1292.47,103014.0,1502.0,2332.0,3834.0,0,Spring,99.59,98.27,4856225.39,2023,7,27,3,27,1373269.3800000001,821849.3,551420.08,0.5984618254577263,0.40153817454227364,0.24573545796237004,0.08988988016320584,0.06591283641669779,0.20620353451702242,0.19581814312352902,0.07809382599064431,0.020881416579753637,0.09746490524677685,-0.057511071630024224,-0.2697461134636602,-0.040780585439079364,3834.0,1266.6211241523213,0.3917579551382368,3.536251125034186
2023-07-10,456562.07,80793.7,89036.37,193801.52,250648.1,145671.19,27668.17,151004.55,0.0,1305.58,104642.0,1427.0,2380.0,3807.0,0,Spring,94.14,95.36,5011769.82,2023,7,28,3,28,1395185.67,768793.53,626392.14,0.5510331323858852,0.4489668676141148,0.327241083260266,0.05790892333348005,0.06381686102036871,0.13890733267064018,0.17965214622653056,0.10440989549441115,0.019831174154763216,0.10823258383954015,0.03202990337316303,0.015959206779954327,-0.007042253521126751,3807.0,1316.4617336485423,0.374835828736538,3.5921884289422215
2023-07-17,675223.04,132300.36,110872.32,292278.98,291517.62,123452.64,27609.84,136742.6,0.0,1343.86,103135.0,1249.0,2319.0,3568.0,0,Spring,96.42,100.45,4850607.48,2023,7,29,3,29,1789997.4,871601.6799999999,918395.72,0.48692902012036443,0.5130709798796356,0.377220123336492,0.07391092299910602,0.061939933544037554,0.16328458354185318,0.16285924214191597,0.0689680554843264,0.01542451402443378,0.07639262492783509,-0.03215677211608248,0.28298149736586664,-0.06277909114788549,3568.0,1359.4751905829598,0.3500560538116592,2.709840517086785
2023-07-24,439726.73,86849.33,77784.89,330821.9,152822.09,200021.3,40952.76,80939.82,0.0,1320.9,107986.0,1416.0,2475.0,3891.0,0,Spring,92.69,96.19,5023055.85,2023,7,30,3,30,1409918.82,805557.8700000001,604360.95,0.5713505335009289,0.42864946649907115,0.3118808854541001,0.06159881602261327,0.055169765022357806,0.2346389702068095,0.10839070152989375,0.1418672459454084,0.029046182956831514,0.05740743286198563,0.0355519119432024,-0.21233471065376963,0.09052690582959633,3891.0,1290.942135697764,0.36391673091750193,3.562656075475324
2023-07-31,304494.04,98380.01,92138.58,291178.23,351632.35,158432.94,31521.67,150965.2,0.0,1312.62,108696.0,1219.0,2507.0,3726.0,0,Spring,92.4,98.61,4920423.77,2023,7,31,3,31,1478743.0199999998,983730.3900000001,495012.63,0.6652476980077311,0.33475230199226913,0.205914101288539,0.06652948393967736,0.062308716764052766,0.19690928448135636,0.23779138446922307,0.10714027918116566,0.021316530035083447,0.10209021984090247,-0.020432199653921845,0.048814299819049056,-0.0424055512721665,3726.0,1320.5646188942565,0.3271604938271605,3.3274366833528655
2023-08-07,462724.35,140899.21,63190.11,186357.31,163456.74,82831.05,32183.73,82859.34,0.0,1282.28,85192.0,1288.0,2657.0,3945.0,0,Spring,94.56,99.85,4949461.99,2023,8,32,3,32,1214501.84,547688.1699999999,666813.6699999999,0.45095705248169893,0.5490429475183009,0.3809992992682497,0.11601399467620402,0.052029653573847194,0.1534434151207214,0.1345874782701029,0.06820166694848318,0.02649953169276384,0.06822496044962764,0.005901568921166556,-0.17869310382273162,0.058776167471819685,3945.0,1254.616474017744,0.32648922686945503,4.075302174923012
2023-08-14,640391.24,145723.1,92644.23,264806.38,268766.33,163103.76,22633.88,92791.09,0.0,1273.05,95986.0,1231.0,2519.0,3750.0,0,Spring,92.06,98.61,4732764.48,2023,8,33,3,33,1690860.01,812101.44,878758.57,0.4802889861946643,0.5197110138053357,0.37873699550088713,0.08618282952945348,0.05479118877499504,0.15661046948528873,0.1589524433782073,0.09646201284280181,0.013386016504110237,0.05487804398425627,-0.04378203336803477,0.3922251529894758,-0.049429657794676785,3750.0,1262.0705280000002,0.32826666666666665,2.799027981033155
2023-08-21,306288.2,100896.7,82764.82,310303.6,116626.93,103704.82,27692.99,72623.12,0.0,1308.03,98790.0,1062.0,2707.0,3769.0,0,Spring,92.95,98.18,4963535.0,2023,8,34,3,34,1120901.1800000002,630951.46,489949.72000000003,0.5628965971826346,0.4371034028173652,0.2732517419599826,0.09001391184189848,0.07383774901548412,0.2768340381263582,0.1040474683058144,0.09251914606780946,0.02470600485941142,0.06478993982324113,0.04876019522526498,-0.33708221060831633,0.005066666666666775,3769.0,1316.9368532767312,0.2817723534093924,4.428164666576584
2023-08-28,315160.31,159897.57,66822.03,168101.24,162895.72,111308.94,31581.14,176759.74,0.0,1272.63,66073.0,1321.0,2184.0,3505.0,0,Spring,101.15,98.17,4417555.84,2023,8,35,3,35,1192526.69,650646.78,541879.91,0.5456035369740866,0.4543964630259135,0.2642794602777402,0.13408301159280553,0.05603399115536777,0.1409622454655501,0.13659712723075407,0.09333874112285068,0.026482543547935184,0.14822287960699645,-0.10999804776233069,0.06389993273091199,-0.07004510480233483,3505.0,1260.3582995720399,0.3768901569186876,3.704366432251508
2023-09-04,550681.6,165489.91,77062.06,210869.33,313080.14,146947.78,25832.72,145377.64,0.0,1293.06,99973.0,1327.0,2095.0,3422.0,0,Spring,103.09,98.22,4396749.75,2023,9,36,3,36,1635341.1800000002,842107.61,793233.5700000001,0.5149430713901547,0.4850569286098452,0.336738049976825,0.10119595349515995,0.04712292513786022,0.12894515993292602,0.19144637451128088,0.08985756721420052,0.015796532439793388,0.08889743729195396,-0.004709864629577565,0.371324594839886,-0.023680456490727586,3422.0,1284.8479690239626,0.38778492109877266,2.6885825439802105
2023-09-11,423744.54,175279.29,77904.28,315444.04,203552.1,114399.05,34653.42,143943.47,0.0,1299.49,92456.0,1132.0,2286.0,3418.0,0,Spring,97.67,97.37,4352592.19,2023,9,37,3,37,1488920.19,811992.0800000001,676928.11,0.545356349825574,0.4546436501744261,0.28459855863731687,0.11772242137437872,0.052322670162730484,0.2118609460188729,0.13671122291652182,0.0768335675534093,0.023274195778082638,0.09667641755868728,-0.01004322795492274,-0.08953543871499658,-0.0011689070718877703,3418.0,1273.4324722059685,0.33118782913984784,2.923321356801536
2023-09-18,562783.92,141780.98,76057.14,283103.62,271441.62,170269.61,25015.77,173846.55,0.0,1338.3,76933.0,1298.0,2252.0,3550.0,0,Spring,105.2,97.84,4803512.54,2023,9,38,3,38,1704299.2100000002,923677.1699999999,780622.04,0.5419689011062793,0.4580310988937206,0.3302142702982301,0.083190192876989,0.04462663571850156,0.16611145410317943,0.15926875891704484,0.09990593729137501,0.014678038840374746,0.10200471195430523,0.1035981158620789,0.1446545096550811,0.03861907548273846,3550.0,1353.102123943662,0.3656338028169014,2.818467855770466
2023-09-25,616676.53,232822.68,158939.18,393402.52,317102.91,139502.89,39527.68,333521.39,89252.44,1304.64,119831.0,1398.0,2524.0,3922.0,1,Spring,103.57,101.92,5112967.1,2023,9,39,3,39,2231495.78,1223057.3900000001,1008438.3899999999,0.5480885964301488,0.45191140356985127,0.2763511970432676,0.10433480631543028,0.07122540021115344,0.1762954353424769,0.1421032980846596,0.06251541734934404,0.017713535626762422,0.14946091002690584,0.0644225569149861,0.30933334176690686,0.10478873239436615,3922.0,1303.6632075471698,0.35645079041305455,2.2912734793520424
2023-10-02,773360.74,72148.33,107662.59,500605.76,289780.44,148571.91,37820.72,49841.02,87622.65,1268.8,114554.0,1389.0,2446.0,3835.0,1,Spring,106.23,98.98,4872105.79,2023,10,40,4,40,1979791.5099999998,1026619.85,953171.6599999999,0.5185494759496165,0.48145052405038347,0.39062736459557806,0.03644238781486643,0.054380771639939,0.2528578173365336,0.14636916995365842,0.07504422018659936,0.01910338528525158,0.025174883187573625,-0.047107932691372034,-0.11279621151692254,-0.022182559918409006,3835.0,1270.4317574967406,0.3621903520208605,2.4609186196580874
2023-10-09,294357.88,111348.04,77054.66,297275.26,307309.45,109141.5,31648.16,82704.73,0.0,1333.99,102165.0,1127.0,2324.0,3451.0,0,Spring,107.74,97.87,4539055.48,2023,10,41,4,41,1310839.68,828079.1,482760.57999999996,0.6317165345498238,0.36828346545017615,0.22455673603045037,0.08494405662178307,0.05878267279794277,0.22678231711752883,0.23443709760143974,0.08326075390088894,0.024143425380592692,0.06309294054937367,-0.0683585957192443,-0.33789003873443213,-0.10013037809647984,3451.0,1315.2870124601566,0.3265720081135903,3.462708330587003
2023-10-16,462003.85,91543.44,39231.94,309764.21,209132.06,113646.57,28118.84,89073.47,0.0,1316.63,80652.0,1027.0,2225.0,3252.0,0,Spring,110.21,98.67,4371104.9,2023,10,42,4,42,1342514.3800000001,749735.15,592779.23,0.5584559548628447,0.44154404513715517,0.34413325986124627,0.06818805173617581,0.02922273353973311,0.23073437023445514,0.15577640218647043,0.08465203180914904,0.020944907867579042,0.06634824276519108,-0.0370012177070812,0.02416367194499336,-0.0576644450883802,3252.0,1344.1281980319804,0.31580565805658056,3.2559091843768555
2023-10-23,432616.32,129003.59,64470.44,425799.29,113267.93,183578.16,30100.95,78651.62,0.0,1338.44,104559.0,1296.0,2203.0,3499.0,0,Spring,108.03,102.18,4589724.39,2023,10,43,4,43,1457488.2999999998,831397.95,626090.3500000001,0.5704319890595348,0.4295680109404653,0.2968231854760001,0.0885108923344359,0.04423393313002925,0.292145940382506,0.07771446947464347,0.1259551517497602,0.020652618617933334,0.05396380883469185,0.05001469765687827,0.0856407363025784,0.07595325953259535,3499.0,1311.7246041726207,0.37039154044012573,3.149064311528264
2023-10-30,270455.18,104027.33,78195.91,266948.27,176852.09,165739.73,30567.68,68516.39,0.0,1343.02,72833.0,996.0,1995.0,2991.0,0,Spring,112.23,101.61,3979631.87,2023,10,44,4,44,1161302.5799999998,708624.16,452678.42000000004,0.6101976971410845,0.38980230285891565,0.23288950240685768,0.08957814422490994,0.06733465622714797,0.229869695114257,0.15228769232562975,0.14271881665844574,0.02632189106132874,0.058999601981423316,-0.13292574197467222,-0.20321653353924007,-0.14518433838239497,2991.0,1330.535563356737,0.3329989969909729,3.4268690507860584
2023-11-06,215161.79,120403.03,69994.61,237014.21,266352.89,213343.95,28517.17,107183.59,0.0,1346.53,80169.0,1224.0,1826.0,3050.0,0,Spring,108.79,101.68,4218369.49,2023,11,45,4,45,1257971.24,852411.81,405559.43,0.6776083450047714,0.32239165499522865,0.17103871945434937,0.09571206890230655,0.055640866638572754,0.18840987970440404,0.211732098104246,0.16959366257053698,0.022669174853313816,0.08520352977227047,0.0599898753951833,0.08324157860736014,0.019725844199264486,3050.0,1383.0719639344263,0.4013114754098361,3.353311551065349
2023-11-13,595391.72,200338.06,114845.62,309939.52,259469.7,239871.42,34805.27,63291.46,0.0,1375.02,64966.0,1079.0,2129.0,3208.0,0,Spring,109.26,100.34,4307375.99,2023,11,46,4,46,1817952.7699999998,907377.37,910575.4,0.499120430944969,0.5008795690550312,0.3275067041483152,0.11019981558706832,0.06317304931964762,0.17048821350842908,0.14272631516164197,0.13194590308305976,0.019145310359190464,0.03481468883264773,0.021099740127316302,0.4451465281511522,0.05180327868852452,3208.0,1342.6982512468828,0.3363466334164589,2.369355277585127
2023-11-20,575044.99,165917.85,111740.24,424873.56,179348.27,134903.81,45971.33,191263.39,97347.84,1335.64,101101.0,1170.0,2441.0,3611.0,1,Spring,104.08,102.31,4616647.27,2023,11,47,4,47,1829063.44,976360.3599999999,852703.08,0.5338034420501018,0.4661965579498981,0.31439313553826215,0.0907119164767735,0.06109150593486249,0.2322902260842303,0.0980547017002319,0.07375567574627155,0.025133808371348782,0.10456903014801937,0.07180039093824253,0.006111638422817922,0.12562344139650872,3611.0,1278.495505400166,0.32400996953752426,2.524049832847788
2023-11-27,426120.2,198906.41,155957.39,354366.98,258348.04,202230.17,44412.24,174576.98,37026.77,1362.8,110847.0,1499.0,2328.0,3827.0,1,Spring,111.97,100.2,5112868.38,2023,11,48,4,48,1814918.41,1033934.41,780984.0,0.5696864411662451,0.430313558833755,0.23478752413999704,0.10959523519296938,0.0859307995007886,0.19525229236062464,0.14234691685120987,0.11142659024545352,0.024470653752418546,0.0961899879565385,0.10748516856043033,-0.007733482442796036,0.05981722514538901,3827.0,1335.999054089365,0.3916906192840345,2.8171340109994256
2023-12-04,481004.34,123486.91,89855.78,236242.8,203909.23,96331.55,31646.78,153294.81,59080.13,1393.32,88665.0,1263.0,2120.0,3383.0,0,Winter,105.57,101.28,4582615.52,2023,12,49,4,49,1415772.2000000002,721425.1700000002,694347.03,0.5095630285719694,0.49043697142803055,0.3397469875450302,0.08722230172339872,0.06346768215960165,0.16686498011473877,0.14402686392627287,0.06804170190656378,0.022353016961344483,0.10827646566304945,-0.10370946806966319,-0.2199251535500154,-0.11601776848706558,3383.0,1354.6010996157256,0.3733372746083358,3.2368311229730313
2023-12-11,703395.54,137533.52,90487.03,441821.96,221960.14,115855.05,38445.32,157003.27,0.0,1373.43,95626.0,1361.0,2255.0,3616.0,0,Winter,104.79,104.07,4957904.35,2023,12,50,4,50,1906501.83,975085.7400000001,931416.0900000001,0.5114528214221541,0.4885471785778459,0.36894564113793693,0.07213920167073744,0.04746233576917154,0.23174483918538907,0.1164227259094737,0.060768391709332896,0.020165372723507952,0.08235149189445047,0.08189402500867016,0.34661623529548025,0.06887378066804617,3616.0,1371.1018667035398,0.37638274336283184,2.6005243068662565
2023-12-18,139178.4,184301.12,119923.4,441308.57,208346.73,167965.48,45406.52,222016.92,102891.22,1359.09,124529.0,1628.0,2493.0,4121.0,1,Winter,96.2,104.21,5793698.38,2023,12,51,4,51,1528447.14,1085044.22,443402.92000000004,0.7098997352306211,0.290100264769379,0.09105869372754363,0.12058063061310711,0.07846094042872821,0.2887300178401983,0.13631268268786845,0.10989289430055135,0.029707615534548353,0.14525652486745472,0.16857808682815767,-0.19829757519823632,0.1396570796460177,4121.0,1405.8962339238049,0.39504974520747393,3.7905781811989914
2023-12-25,332899.08,211503.15,124403.94,358986.99,283569.78,143598.83,45594.97,154489.24,43446.45,1409.58,103313.0,1212.0,2382.0,3594.0,1,Winter,96.88,100.82,5260728.27,2023,12,52,4,52,1655045.98,986239.8099999999,668806.1699999999,0.5958987375081869,0.40410126249181305,0.20114189214247694,0.1277929148530363,0.07516645549629987,0.21690454183031216,0.1713364966452473,0.08676425412664365,0.027549065434423762,0.09334437947156006,-0.09199134560401478,0.08282840582893836,-0.12788158214025724,3594.0,1463.7529966611016,0.337228714524207,3.178599467067374
2024-01-01,479546.49,254929.41,180040.68,505186.89,278071.16,146116.91,49281.43,340807.69,115423.09,1422.95,94389.0,1393.0,2463.0,3856.0,1,Winter,101.42,101.41,5459681.2,2024,1,1,1,1,2233980.66,1319464.08,914516.5800000001,0.5906336181084039,0.40936638189159613,0.21466009020865917,0.11411442120541902,0.08059187047751791,0.2261375396150475,0.12447339629162231,0.06540652415495844,0.022059917922476552,0.152556240124299,0.03781851481182863,0.3497997560164463,0.07289927657206463,3856.0,1415.8924273858922,0.3612551867219917,2.44392500694254
2024-01-08,803274.77,211769.71,39692.5,313969.48,319349.72,153541.26,45756.89,151600.48,0.0,1403.13,120902.0,1337.0,2429.0,3766.0,0,Winter,97.03,103.67,5347013.98,2024,1,2,1,2,2038954.8099999998,984217.83,1054736.98,0.48270703459092357,0.5172929654090764,0.3939639888340635,0.10386189481070451,0.01946708176430845,0.15398550201316136,0.15662422650750166,0.07530390533765681,0.022441345818743283,0.07435205491386052,-0.020636226891782572,-0.08729970383897612,-0.02334024896265563,3766.0,1419.812527881041,0.3550185873605948,2.6224288806086884
2024-01-15,591291.03,156813.91,47791.72,309124.37,326745.53,103372.8,29560.26,35852.93,0.0,1367.56,116767.0,1237.0,2794.0,4031.0,0,Winter,89.05,107.23,5614822.17,2024,1,3,1,3,1600552.55,804655.8900000001,795896.66,0.5027363144059219,0.49726368559407813,0.3694293136454658,0.09797485874487533,0.029859513203737045,0.19313603292812848,0.20414545589271657,0.06458569573363898,0.018468784420730203,0.022400345430707663,0.0500855600904937,-0.21501323023436691,0.07036643653744035,4031.0,1392.9104862317042,0.30687174398412304,3.5080523722885575
2024-01-22,690624.95,170854.31,83642.36,367185.44,259029.94,206727.75,41839.04,85382.12,0.0,1422.82,120249.0,1241.0,2476.0,3717.0,0,Winter,96.76,100.28,5295238.34,2024,1,4,1,4,1905285.9100000001,960164.29,945121.62,0.5039476148752918,0.4960523851247081,0.3624783799508599,0.0896738432291246,0.043900161944723556,0.19271933838003347,0.1359533173685203,0.1085022194910369,0.021959454893570277,0.0448132847421309,-0.05691788988572721,0.1903925991058526,-0.07789630364673783,3717.0,1424.6000376647835,0.3338714016680118,2.7792355531564286
2024-01-29,330770.33,96101.64,98207.52,247963.69,243532.02,121148.27,27205.06,43862.32,0.0,1376.57,122053.0,1451.0,2461.0,3912.0,0,Winter,91.14,104.99,5319990.95,2024,1,5,1,5,1208790.85,683711.36,525079.49,0.5656159293396371,0.4343840706603628,0.273637354220542,0.07950228941590681,0.08124442702391402,0.20513365897830876,0.20146745816284098,0.10022268947518918,0.022506010862011407,0.036286111861286836,0.004674503470980751,-0.3655593401202447,0.05246166263115426,3912.0,1359.9158870143149,0.37091002044989774,4.401084728594694
2024-02-05,338137.96,144357.75,115897.57,362261.43,287716.79,311809.95,39707.34,147138.72,66584.9,1416.14,124691.0,1400.0,2566.0,3966.0,0,Winter,96.45,102.01,5785130.08,2024,2,6,1,6,1747027.51,1148634.23,598393.28,0.6574791887507255,0.3425208112492745,0.1935504495862232,0.08263049618491697,0.06633986547813435,0.20735874388148587,0.16468932993505064,0.1784802747610998,0.02272851444680456,0.08422232572628464,0.08743231602677826,0.4452686418001923,0.013803680981595123,3966.0,1458.6813111447302,0.3530005042864347,3.3114132701894317
2024-02-12,649027.48,191829.53,111546.03,473055.62,215935.9,147909.49,48066.94,140548.7,0.0,1391.54,123168.0,1277.0,2853.0,4130.0,0,Winter,91.74,103.8,5799115.61,2024,2,7,1,7,1977919.69,1025516.6499999999,952403.04,0.5184824516307838,0.4815175483692162,0.32813641690376216,0.09698549995222507,0.05639563151322893,0.23916826471351826,0.10917323948577508,0.07478033145016115,0.024301765255190923,0.07105885072613843,0.002417496202609115,0.1321628759011355,0.04135148764498231,4130.0,1404.1442154963681,0.30920096852300244,2.9319267305539594
2024-02-19,577146.77,190013.57,90893.72,377796.88,191951.7,176521.57,42148.6,121265.78,0.0,1384.55,109043.0,1195.0,2760.0,3955.0,0,Winter,92.75,104.65,5315437.87,2024,2,8,1,8,1767738.59,909684.5300000001,858054.06,0.5146035364878243,0.48539646351217575,0.32648875419979373,0.10748963171076104,0.05141807760162095,0.2137176176031774,0.10858602119445726,0.09985728149997562,0.023843231255137105,0.06859938493507685,-0.08340543153958613,-0.10626371791667633,-0.0423728813559322,3955.0,1343.979233881163,0.30214917825537296,3.0069139747636555
2024-02-26,678895.17,161511.84,127040.9,322401.82,210151.51,106576.97,40631.45,271641.56,0.0,1396.52,85074.0,1573.0,2258.0,3831.0,0,Winter,96.15,104.84,5468124.03,2024,2,9,1,9,1918851.22,951403.31,967447.91,0.49581921729189615,0.5041807827081038,0.35380292277167796,0.08417111150493471,0.06620674843149121,0.16801814368911833,0.10951943944877603,0.055542070635366925,0.021174882959399007,0.14156468055923585,0.028725038977833073,0.08548358385953425,-0.0313527180783818,3831.0,1427.3359514487079,0.41059775515531194,2.8496862982425495
2024-03-04,535128.11,193347.58,128046.21,315661.71,236330.95,265544.87,36563.39,185004.19,0.0,1398.5,117097.0,1574.0,2840.0,4414.0,0,Spring,96.15,104.91,6067650.81,2024,3,10,1,10,1895627.0099999995,1039105.1100000001,856521.8999999999,0.5481590547710123,0.45184094522898793,0.2822960989567247,0.1019966369860915,0.06754820928617178,0.166521002462399,0.12467165151861814,0.14008286893949673,0.01928828287796976,0.09759524897252865,0.10964030382463719,-0.012103184320877425,0.15217958757504557,4414.0,1374.637700498414,0.35659265971907567,3.2008674586252077
2024-03-11,631275.69,175992.03,106976.64,324505.36,195014.79,236123.45,40359.57,196992.59,0.0,1385.33,121100.0,1424.0,2762.0,4186.0,0,Spring,91.53,106.27,5856419.79,2024,3,11,1,11,1907240.12,992995.76,914244.36,0.520645381557934,0.4793546184420659,0.33098909957913425,0.09227575917394187,0.05608975968898976,0.17014394600717606,0.10224973140770549,0.1238037347914011,0.021161242140816543,0.10328672721083489,-0.03481265264175604,0.006126263204068172,-0.051653828726778483,4186.0,1399.0491614906832,0.34018155757286195,3.070625312768693
2024-03-18,608991.29,209293.13,127276.96,337250.4,303888.29,193472.4,38848.1,96284.16,42325.45,1405.33,107304.0,1384.0,2640.0,4024.0,0,Spring,95.25,105.46,5593678.85,2024,3,12,1,12,1915304.73,969743.35,945561.38,0.5063128257402675,0.4936871742597326,0.3179605210915968,0.10927406314085593,0.06645259002727989,0.1760818499101185,0.15866315434829004,0.10101389975682877,0.020282986509410437,0.05027093521561971,-0.04486374771983348,0.004228418810736878,-0.03870043000477785,4024.0,1390.0792370775348,0.34393638170974156,2.920516386966788
2024-03-25,735443.93,167536.44,109774.67,329666.27,351389.08,106263.22,35746.48,92447.69,0.0,1379.35,129229.0,1259.0,2907.0,4166.0,0,Spring,99.83,103.87,5622554.25,2024,3,13,1,13,1928267.78,915512.74,1012755.0400000002,0.47478506330692305,0.525214936693077,0.3814013476904126,0.08688442639434654,0.05692916260831781,0.1709649839194015,0.18223043689502502,0.05510812403866438,0.018538130632458114,0.04794338782137406,0.0051621483417840786,0.006768139710071175,0.03528827037773352,4166.0,1349.6289606337014,0.30220835333653384,2.9158575942185787
2024-04-01,741688.7,137765.89,88383.03,422965.09,162496.99,190024.02,38853.87,156628.79,0.0,1402.02,89607.0,1617.0,2487.0,4104.0,0,Spring,94.98,108.61,5669327.79,2024,4,14,2,14,1938806.3800000001,970968.7600000001,967837.62,0.5008074916691785,0.4991925083308215,0.3825491331424234,0.07105706450171678,0.045586310686681356,0.218157467585804,0.08381290245186834,0.09801082870379248,0.020040098073124766,0.08078619485458884,0.008318913063400046,0.005465319759686116,-0.014882381180988946,4104.0,1381.415153508772,0.39400584795321636,2.924133037977727
2024-04-08,250225.24,169612.03,120645.7,233790.6,294829.23,118722.46,41872.4,165210.16,0.0,1381.72,103283.0,1443.0,2772.0,4215.0,0,Spring,95.64,108.79,5719336.61,2024,4,15,2,15,1394907.8199999996,854424.85,540482.97,0.6125314072724893,0.38746859272751094,0.17938478544051753,0.12159371936132672,0.08649008792566668,0.16760290296458447,0.21136108477763074,0.08511133015226773,0.030018040905383993,0.1184380484726224,0.008820943479085797,-0.2805326852699961,0.027046783625731097,4215.0,1356.900737841044,0.3423487544483986,4.100153808012921
2024-04-15,123072.08,18576.54,105335.61,419409.28,274668.19,257338.32,35973.47,39773.96,0.0,1355.44,100475.0,1427.0,2320.0,3747.0,0,Spring,104.76,109.19,5198024.27,2024,4,16,2,16,1274147.45,1027163.22,246984.22999999998,0.8061572622540665,0.19384273774593355,0.09659170922486247,0.014579584176070047,0.08267144434500105,0.32916855894504204,0.21557017596354333,0.2019690264262586,0.028233364984562817,0.031216135934659682,-0.09114909220214629,-0.08657229407460032,-0.11103202846975091,3747.0,1387.249605017347,0.3808380037363224,4.07960967939778
2024-04-22,776040.59,170822.66,102182.64,330065.27,320191.01,221949.98,35680.68,143116.54,0.0,1345.09,104828.0,1417.0,2641.0,4058.0,0,Spring,102.03,104.63,5339031.03,2024,4,17,2,17,2100049.3699999996,1051003.48,1049045.89,0.5004660818997794,0.4995339181002207,0.3695344505162753,0.08134221149286601,0.04865725609107943,0.1571702430976659,0.1524683250660912,0.10568798199253765,0.016990400563773416,0.06814913117971128,0.027126991463624073,0.6481996412581603,0.08299973311982911,4058.0,1315.68039181863,0.3491867915229177,2.5423359594636583
2024-04-29,809657.45,0.0,139113.15,383064.18,290388.43,183204.29,32219.31,154683.63,0.0,1322.29,91160.0,1626.0,2494.0,4120.0,0,Spring,104.03,108.51,5542912.82,2024,4,18,2,18,1992330.44,1043559.8400000001,948770.6,0.5237885337936211,0.4762114662063789,0.40638713023929907,0.0,0.06982433596707983,0.1922694008530031,0.14575314625017727,0.09195477131795467,0.016171669795899922,0.07763954557658619,0.03818703971832882,-0.05129352268513565,0.015278462296697937,4120.0,1345.3671893203884,0.3946601941747573,2.7821252482595207
2024-05-06,365482.63,73229.12,39147.84,274846.87,172151.48,47739.2,42683.97,140033.11,0.0,1353.81,85374.0,1412.0,2516.0,3928.0,0,Spring,100.79,109.44,5290153.0,2024,5,19,2,19,1155314.2199999997,677454.63,477859.58999999997,0.5863812790255453,0.41361872097445496,0.31634911409642313,0.06338459159621528,0.03388501528181658,0.23789793741134777,0.14900836241762874,0.04132139912551237,0.03694576701392978,0.12120781305712659,-0.04560054040323158,-0.420119174608405,-0.04660194174757282,3928.0,1346.7802953156822,0.3594704684317719,4.578973329004815
2024-05-13,197109.54,170992.91,64809.31,446879.85,186762.71,124449.99,43402.5,102855.25,0.0,1333.69,123100.0,1518.0,2549.0,4067.0,0,Spring,105.19,106.19,5395788.76,2024,5,20,2,20,1337262.06,904350.2999999999,432911.76,0.6762700648218494,0.32372993517815046,0.1473978406296818,0.12786791393752694,0.04846418061094173,0.3341752251611774,0.13966051650339947,0.09306327736539538,0.03245624122470056,0.0769148045671766,0.019968375205783317,0.1574877525527214,0.03538696537678199,4067.0,1326.7245537251044,0.3732480944184903,4.034952401177073
2024-05-20,579682.34,170806.65,70043.5,438399.04,289518.38,211689.12,41268.19,118845.56,0.0,1286.26,108712.0,1503.0,2567.0,4070.0,0,Spring,107.76,108.41,5185230.9,2024,5,21,2,21,1920252.7800000003,1099720.29,820532.49,0.5726955854218317,0.42730441457816815,0.3018781412726297,0.08895008604023474,0.03647618726530368,0.2283027758460008,0.1507709729757558,0.1102402361839049,0.021491019531293166,0.06189058088487703,-0.03902262845441695,0.4359584687536864,0.0007376444553726103,4070.0,1274.0125061425063,0.3692874692874693,2.700285584276045
2024-05-27,736322.42,96454.59,89768.06,415470.93,367349.7,237703.54,45345.26,139871.97,0.0,1316.15,63677.0,1080.0,1849.0,2929.0,0,Spring,110.79,108.29,3828891.16,2024,5,22,2,22,2128286.47,1205741.4,922545.0700000001,0.5665315346387556,0.43346846536124434,0.3459696006055049,0.04532030408481617,0.04217856067092321,0.19521381912464067,0.17260350294854807,0.11168775601904755,0.02130599458258079,0.06572046196393852,-0.2615775008206481,0.10833661701559927,-0.28034398034398034,2929.0,1307.234947080915,0.3687265278251963,1.799048771850718
2024-06-03,896247.83,115361.32,91575.57,241135.03,107562.74,230523.91,39829.14,154807.42,0.0,1302.34,83019.0,1521.0,2668.0,4189.0,0,Spring,105.55,112.32,5549129.53,2024,6,23,2,23,1877042.9599999997,773858.2400000001,1103184.72,0.4122751884165721,0.587724811583428,0.4774785921788386,0.06145907283869519,0.04878714656589427,0.1284653762000205,0.0573043570617052,0.1228122717020819,0.021219088134242812,0.08247409531852165,0.449278472047244,-0.1180496674397411,0.43018094912939575,4189.0,1324.69074480783,0.3630938171401289,2.956314612000144
2024-06-10,642996.84,204933.73,60332.42,400002.25,307898.79,89618.83,41282.05,184002.08,0.0,1345.8,103205.0,1368.0,2552.0,3920.0,0,Spring,112.36,112.58,5421803.54,2024,6,24,2,24,1931066.9900000002,1022804.0,908262.99,0.5296574408327491,0.47034255916725076,0.3329749010934105,0.10612460937981234,0.031243048694027952,0.20714053529546375,0.1594449035659814,0.046408969996426686,0.021377844587359446,0.0952851873875178,-0.022945218580976312,0.028781456339177502,-0.06421580329434229,3920.0,1383.1131479591836,0.3489795918367347,2.8076724256987062
2024-06-17,468741.34,122826.76,72201.53,367679.17,370992.93,185454.33,40413.62,210379.19,0.0,1274.68,99338.0,1804.0,2528.0,4332.0,0,Spring,104.53,105.47,5426999.44,2024,6,25,2,25,1838688.87,1174919.24,663769.63,0.6389983967216813,0.36100160327831865,0.25493238559713477,0.06680127454080906,0.0392679431403748,0.19996812728844113,0.20177036803404372,0.1008622682313838,0.021979585920917658,0.114418047246895,0.0009583342446231047,-0.04783786397798662,0.10510204081632657,4332.0,1252.7699538319484,0.4164358264081256,2.9515594120064477
2024-06-24,494617.34,320988.6,100389.39,308966.45,356375.08,296853.24,51002.21,173370.1,76531.94,1274.96,133231.0,1513.0,3063.0,4576.0,1,Spring,103.44,113.85,5812117.54,2024,6,26,2,26,2102562.41,1186567.08,915995.33,0.5643433338085788,0.4356566661914211,0.23524502181126694,0.15266543265177082,0.047746211728383364,0.14694757621962812,0.16949560132200783,0.14118641072823135,0.02425716818555697,0.08245657735315452,0.07096335723963132,0.1435117949019835,0.05632502308402576,4576.0,1270.1305812937062,0.3306381118881119,2.7643020308728907
2024-07-01,529242.74,140487.05,151284.54,332391.05,315385.61,83920.95,34933.96,117916.21,0.0,1321.71,119582.0,1401.0,2566.0,3967.0,0,Spring,108.77,107.07,5125351.76,2024,7,27,3,27,1705562.11,884547.7799999998,821014.3300000001,0.5186253697908426,0.4813746302091573,0.3103039970792972,0.0823699407815761,0.08870069234828393,0.1948865116380898,0.1849159336683435,0.04920427670617049,0.02048237340356957,0.06913627437466936,-0.11816102741790047,-0.18881736785163972,-0.13308566433566438,3967.0,1291.9969145449961,0.35316359969750444,3.005080688618252
2024-07-08,466736.95,156043.21,134431.23,355108.43,217490.55,165096.5,50102.63,167942.55,41751.6,1323.11,93565.0,1433.0,2601.0,4034.0,0,Spring,103.29,110.88,5341935.96,2024,7,28,3,28,1712952.05,955740.6599999999,757211.39,0.5579494534012204,0.44205054659877957,0.27247519859064356,0.09109607592343287,0.07847927208470314,0.20730786363809775,0.12696826510701217,0.09638127348631854,0.029249289260607148,0.09804276190918478,0.04225743132213822,0.004332847192530576,0.01688933703050166,4034.0,1324.2280515617254,0.3552305404065444,3.1185554551862675
2024-07-15,332504.51,204237.56,82247.45,364520.53,259424.13,177493.49,34749.91,176263.81,0.0,1278.32,117295.0,1567.0,2686.0,4253.0,0,Spring,99.37,110.86,5594155.47,2024,7,29,3,29,1631441.3900000001,1012451.8700000001,618989.52,0.620587338414897,0.37941266158510295,0.20381026988655718,0.12518841390924867,0.0504139777892971,0.223434646340559,0.15901529260576133,0.10879550505948607,0.021300127735511234,0.10804176667357936,0.047215000683010766,-0.04758490466793852,0.054288547347545846,4253.0,1315.343397601693,0.36844580296261464,3.4289650270550016
2024-07-22,876352.45,141450.75,82486.59,336783.24,145337.46,147952.5,33268.81,116056.51,0.0,1278.66,91125.0,1416.0,2763.0,4179.0,0,Spring,98.89,106.92,5241843.68,2024,7,30,3,30,1879688.31,779398.52,1100289.79,0.41464242547744523,0.5853575745225548,0.4662222163843749,0.07525223689878668,0.04388312123939314,0.17916972628297081,0.07731997865114136,0.07871118802670002,0.01769910991253651,0.06174242260409652,-0.06297854821685889,0.15216416692725931,-0.01739948271808134,4179.0,1254.3296673845416,0.3388370423546303,2.788677065294937
2024-07-29,821140.13,94242.17,64032.23,341472.66,90709.29,71691.19,39055.08,183390.97,0.0,1302.55,86904.0,1389.0,2416.0,3805.0,0,Spring,101.77,109.86,4992724.91,2024,7,31,3,31,1705733.72,726319.19,979414.53,0.42581041899083755,0.5741895810091625,0.48139995145314946,0.055250223932959475,0.03753940562305352,0.20019107085483423,0.053179044851150624,0.04202953201863184,0.022896352192650564,0.10751441907357029,-0.0475250284457166,-0.09254438040315316,-0.0894950945202202,3805.0,1312.1484651773983,0.3650459921156373,2.9270248054895696
2024-08-05,699935.21,129152.13,46560.94,414787.84,331312.26,144532.6,37780.81,192547.46,0.0,1243.49,132893.0,1493.0,2740.0,4233.0,0,Spring,100.56,108.61,5227880.65,2024,8,32,3,32,1996609.2500000002,1120960.97,875648.28,0.5614323233251574,0.4385676766748426,0.35056193894724264,0.06468573157216415,0.02332000615543577,0.2077461275910647,0.1659374562148302,0.07238902654588021,0.018922485709209246,0.09643722726417298,0.04709967888056554,0.17052809977866912,0.11248357424441524,4233.0,1235.029683439641,0.3527049373966454,2.618379460077128
2024-08-12,336644.13,131049.74,85729.51,396440.77,188645.32,143555.92,28555.25,208511.57,25630.66,1253.49,112867.0,1309.0,2887.0,4196.0,0,Spring,92.34,109.86,5328689.55,2024,8,33,3,33,1519132.21,965708.8300000001,553423.38,0.6356976855885375,0.3643023144114626,0.22160291762887446,0.08626618482403188,0.05643321195855626,0.26096528491091636,0.12417965912262502,0.09449863484890497,0.018797080209365057,0.13725702649672605,0.019282938297376706,-0.23914395868896243,-0.008740845735884739,4196.0,1269.9450786463299,0.3119637750238322,3.507719416995312
2024-08-19,640866.91,77681.66,65814.63,135117.58,226096.41,151334.68,42054.43,234064.99,0.0,1286.64,116360.0,1457.0,2569.0,4026.0,0,Spring,93.51,109.13,5015536.15,2024,8,34,3,34,1573031.2899999998,788668.09,784363.2000000001,0.501368342138954,0.49863165786104624,0.4074088761451148,0.04938341690583918,0.04183936481009225,0.08589630788590354,0.14373293871350776,0.09620576587513399,0.026734643021627372,0.14879868664278129,-0.058767431853859686,0.03548017719932339,-0.040514775977121054,4026.0,1245.7864257327374,0.3618976651763537,3.1884528819512554
2024-08-26,600192.93,120738.03,85333.92,295476.35,157930.43,131086.7,35346.51,89024.92,0.0,1325.64,83931.0,1213.0,2576.0,3789.0,0,Spring,93.04,110.96,5112960.16,2024,8,35,3,35,1515129.7899999998,708864.91,806264.8800000001,0.4678575490222525,0.5321424509777477,0.39613301379283167,0.07968824241783275,0.05632119476708329,0.19501718727344144,0.10423557839226434,0.08651846255362719,0.023329031105645416,0.05875728969727406,0.019424445779341104,-0.03680886729214394,-0.058867362146050706,3789.0,1349.4220533122195,0.3201372393771444,3.3746020926695666
2024-09-02,563867.48,101208.53,52074.79,304348.28,155836.02,136442.73,29803.22,136653.78,0.0,1289.12,91610.0,1176.0,2744.0,3920.0,0,Spring,89.26,108.6,5087445.73,2024,9,36,3,36,1480234.83,763084.03,717150.8,0.5155155212771206,0.4844844787228794,0.3809310986149407,0.06837329317538082,0.03518008693255786,0.2056081061138117,0.10527790377692976,0.0921764082527365,0.020134116152367525,0.09231898698127512,-0.004990148407493122,-0.02303100383235135,0.034573766165215014,3920.0,1297.8177882653063,0.3,3.4369179990177643
2024-09-09,699730.23,165814.43,70057.71,204216.62,244701.81,155318.76,42095.72,136368.45,0.0,1303.8,97147.0,1395.0,2528.0,3923.0,0,Spring,91.84,107.98,5103254.42,2024,9,37,3,37,1718303.7299999997,782701.3599999999,935602.3699999999,0.45550815396297833,0.5444918460370216,0.40722150443100075,0.09649890592974504,0.04077143567627594,0.11884780113932478,0.14240893837785012,0.090390748322475,0.024498416237506513,0.07936224988582201,0.0031073923613136323,0.16083184584975596,0.000765306122449072,3923.0,1300.8550650012746,0.3555952077491715,2.9699373462920904
2024-09-16,594239.36,130981.58,89634.89,320466.35,204779.8,178146.28,39097.91,130496.39,0.0,1329.12,97434.0,1396.0,2423.0,3819.0,0,Spring,92.15,110.36,5188911.96,2024,9,38,3,38,1687842.5599999998,872986.73,814855.83,0.5172204746395304,0.48277952536046964,0.35207037319878937,0.07760296078800147,0.05310619137367884,0.18986744237566802,0.12132636352054069,0.10554674009405239,0.02316442950697961,0.07731549914228968,0.016784885281106554,-0.01772746544640269,-0.026510323731837926,3819.0,1358.7095993715632,0.36554071746530503,3.0742867154623714
2024-09-23,826434.84,160194.48,127380.58,531801.63,385003.71,193331.72,39183.13,136029.04,39129.06,1353.87,136749.0,1496.0,2581.0,4077.0,1,Spring,96.04,109.16,5483936.46,2024,9,39,3,39,2399359.13,1285349.23,1114009.9,0.5357052280873018,0.4642947719126982,0.34443982547956464,0.06676552834339561,0.053089418089737994,0.22164319769837876,0.1604610602832099,0.08057639958216677,0.016330664930514174,0.05669390559303226,0.05685671722208219,0.42155387407697553,0.06755695208169676,4077.0,1345.091111111111,0.3669364728967378,2.2855838425488226
2024-09-30,804215.39,169779.27,129112.0,334294.78,393735.04,187311.11,61473.91,74839.04,105792.76,1306.04,91624.0,1472.0,2615.0,4087.0,1,Spring,97.04,109.29,5170999.14,2024,9,40,3,40,2154760.54,1051653.8800000001,1103106.6600000001,0.4880606733219646,0.5119393266780354,0.37322726821422114,0.0787926392971722,0.05991941916664206,0.15514242710236378,0.18272797960185402,0.08692896798639164,0.028529346467426955,0.03473195216392815,-0.057064359203024106,-0.10194330100138027,0.002452783909737466,4087.0,1265.2310105211645,0.36016638120871053,2.399802225819487
2024-10-07,547102.19,139071.53,58210.84,339466.54,283615.69,163439.68,39715.7,142438.79,0.0,1323.57,109070.0,1028.0,2508.0,3536.0,0,Spring,97.04,106.31,4725998.75,2024,10,41,4,41,1713060.9599999997,968676.3999999999,744384.5599999999,0.5654652243081881,0.434534775691812,0.31937111566654347,0.08118305959176142,0.03398060043350705,0.19816372442461128,0.16556076906918715,0.09540797660814127,0.02318405528312314,0.08314869892312532,-0.08605694527344276,-0.20498778021988484,-0.13481771470516268,3536.0,1336.5381080316743,0.2907239819004525,2.7588036038133756
2024-10-14,184577.2,155238.14,105992.15,261600.14,279537.23,67851.24,36337.59,95790.64,0.0,1367.05,104039.0,1045.0,2390.0,3435.0,0,Spring,95.2,105.34,4659658.62,2024,10,42,4,42,1186924.33,741116.84,445807.49,0.6244010854508306,0.37559891454916927,0.1555088183254277,0.1307902585500122,0.08929983767372937,0.22040169991291694,0.23551394384172744,0.05716559875388181,0.030614917127867784,0.08070492581443671,-0.014037272015782865,-0.307132461882734,-0.028563348416289602,3435.0,1356.523615720524,0.3042212518195051,3.9258261897790905
2024-10-21,508896.55,92304.24,70313.71,279547.73,380958.12,184581.48,45452.18,144250.8,0.0,1307.15,91840.0,1391.0,2012.0,3403.0,0,Spring,99.34,106.08,4707371.57,2024,10,43,4,43,1706304.81,1034790.31,671514.5,0.6064510302822156,0.39354896971778447,0.2982448077374874,0.05409598534742453,0.04120817663287253,0.1638322346404216,0.2232649862834296,0.10817614702732978,0.02663778460543635,0.08453987772559815,0.010239580598288667,0.43758516602317843,-0.009315866084425029,3403.0,1383.3004907434618,0.4087569791360564,2.758810467163836
2024-10-28,401310.13,91361.06,102605.63,422457.84,187053.84,163023.32,37942.48,96090.83,0.0,1365.31,82089.0,1044.0,2279.0,3323.0,0,Spring,97.22,105.76,4539900.51,2024,10,44,4,44,1501845.1300000004,906568.3099999999,595276.8200000001,0.603636348309762,0.3963636516902378,0.2672113934943478,0.06083254403202012,0.06831971416386987,0.28129254578999097,0.12454935350091653,0.1085486890382632,0.02526390986799018,0.06398185011260114,-0.035576341809788414,-0.11982599990443654,-0.023508668821627943,3323.0,1366.205389708095,0.31417393921155584,3.0228819332390144
2024-11-04,277608.81,178537.27,89160.24,293923.12,265604.68,166812.69,37308.01,79746.74,0.0,1331.63,92053.0,1252.0,2235.0,3487.0,0,Spring,102.41,108.34,4672483.08,2024,11,45,4,45,1388701.5599999998,843395.24,545306.32,0.6073264870531291,0.39267351294687103,0.1999053057879477,0.12856417472448148,0.06420403243444187,0.2116531935054498,0.19126116629407403,0.12012133838173267,0.02686539071793079,0.057425398153941744,0.029203849227083634,-0.07533637639454904,0.04935299428227502,3487.0,1339.9722053340981,0.35904789217092054,3.3646416296961608
2024-11-11,807047.0,118712.24,59236.81,364552.06,359622.68,214941.91,34165.0,157604.2,0.0,1361.26,84318.0,1140.0,2324.0,3464.0,0,Spring,102.03,108.47,4793438.97,2024,11,46,4,46,2115881.9,1130885.85,984996.05,0.5344749392676407,0.46552506073235944,0.38142346224522267,0.05610532421492902,0.027996274272207727,0.17229319840582785,0.16996349370917158,0.10158502230204815,0.016146931452081518,0.07448629339851152,0.02588685457583284,0.5236404717511804,-0.006595927731574469,3464.0,1383.7872315242494,0.32909930715935337,2.2654567676957775
2024-11-18,1113154.15,106325.38,113541.32,285594.79,505634.03,94510.11,56390.08,208979.06,116538.49,1361.44,119016.0,1407.0,2508.0,3915.0,1,Spring,102.03,105.96,5217528.37,2024,11,47,4,47,2484128.92,1151108.07,1333020.8499999999,0.46338499613780115,0.5366150038621988,0.44810643322006005,0.04280187680436489,0.04570669383777393,0.11496778114076302,0.20354580872557937,0.03804557373777526,0.022700142309844372,0.0841256902238391,0.0884728902681744,0.1740394962497671,0.13019630484988443,3915.0,1332.7020102171136,0.3593869731800766,2.1003452469769566
2024-11-25,1035642.95,212059.5,136157.6,635078.7,227879.55,94361.98,56342.01,246114.45,32344.65,1353.98,109715.0,1363.0,2621.0,3984.0,1,Spring,102.34,108.88,5429319.14,2024,11,48,4,48,2643636.7399999998,1259776.69,1383860.05,0.4765316924745115,0.5234683075254886,0.39174934072069223,0.0802150676722703,0.05150389913252606,0.24022918519433195,0.08619926730175494,0.035694003859244296,0.021312311615097317,0.09309692450408298,0.04059216452329517,0.06421076567958472,0.017624521072796995,3984.0,1362.780908634538,0.3421184738955823,2.053731156724657
2024-12-02,573382.24,159876.09,107915.68,389628.56,259614.57,188139.95,39600.41,281434.72,0.0,1359.98,126256.0,1503.0,2442.0,3945.0,0,Winter,110.7,108.49,5384137.69,2024,12,49,4,49,1999592.22,1158418.21,841174.01,0.579327224027707,0.420672775972293,0.2867495853729617,0.07995434689178776,0.053968843707543526,0.19485400878385095,0.1298337568046749,0.0940891588385956,0.019804242887082248,0.1407460567135033,-0.00832175247668332,-0.24362065720118564,-0.009789156626506035,3945.0,1364.8004283903676,0.38098859315589356,2.692617842851979
2024-12-09,785227.61,76889.93,91446.98,340004.51,398518.09,176065.68,35348.71,169283.65,0.0,1391.24,106186.0,1362.0,2374.0,3736.0,0,Winter,106.76,105.98,5236559.38,2024,12,50,4,50,2072785.16,1119220.64,953564.52,0.5399597901405276,0.4600402098594724,0.3788273021020664,0.037094982868364414,0.044117924889041565,0.16403268248022387,0.19226213005114337,0.0849415961661941,0.01705372591532834,0.081669655527638,-0.0274098320839935,0.03660393317593513,-0.05297845373890997,3736.0,1401.6486563169165,0.3645610278372591,2.5263396714013524
2024-12-16,732349.0,207861.04,179296.63,539238.63,451938.32,254131.33,56022.65,249333.54,85453.34,1411.17,118490.0,1477.0,2752.0,4229.0,1,Winter,112.7,103.58,6206417.92,2024,12,51,4,51,2670171.1399999997,1550664.47,1119506.67,0.5807359860836486,0.4192640139163515,0.2742704349654532,0.0778455870809839,0.06714799186991438,0.20194908930069555,0.16925443962367148,0.09517417299327115,0.020980921095566932,0.0933773630704435,0.18520911721237843,0.2882044852154382,0.13195931477516054,4229.0,1467.5852258217074,0.349255143059825,2.3243521087565946
2024-12-23,791340.37,240519.95,164445.4,352466.98,423584.51,211411.11,55197.39,120605.36,91257.91,1393.62,123932.0,1349.0,2800.0,4149.0,1,Winter,106.46,108.1,5916486.29,2024,12,52,4,52,2359571.07,1163265.35,1196305.72,0.49299864911464614,0.5070013508853539,0.33537467044804886,0.10193375951163872,0.06969292092566638,0.14937756462660817,0.1795175891862414,0.08959726311613068,0.023392976249704572,0.05111325593596128,-0.04671480936945993,-0.11632215828682801,-0.018917001655237686,4149.0,1426.0029621595565,0.32513858761147263,2.5074414435840664
2024-12-30,462057.63,222027.77,124533.97,616044.54,382783.83,298755.48,45290.97,104392.83,103196.44,1401.89,120144.0,1539.0,2750.0,4289.0,1,Winter,108.74,104.56,5899886.28,2024,12,1,4,1,2255887.0200000005,1447267.6500000001,808619.37,0.6415514771657314,0.3584485228342685,0.20482303674942015,0.09842149364377296,0.05520399244107534,0.27308306423962664,0.16968218115816808,0.13243370671994023,0.020076790015840416,0.04627573503215599,-0.00280572102872223,-0.04394190593292846,0.033743070619426385,4289.0,1375.5855164373982,0.35882490090930286,2.6153287942584993
2025-01-06,639544.38,178129.09,118546.69,350181.9,273440.74,239605.65,33156.58,264064.45,0.0,1415.45,120619.0,1229.0,2563.0,3792.0,0,Winter,114.56,104.66,5604250.28,2025,1,2,1,2,2096669.48,1160449.32,936220.1599999999,0.5534727009046748,0.4465272990953252,0.3050287067659324,0.084958116526788,0.05654047580260481,0.1670181701695777,0.13041671212765496,0.11427917098311556,0.01581392790627162,0.12594471971805496,-0.05010876243533291,-0.07057868527476185,-0.11587782699930049,3792.0,1477.9141033755275,0.3241033755274262,2.672929774319985
2025-01-13,580409.87,87717.91,149899.95,364241.81,335770.42,217438.4,46810.48,103406.39,0.0,1387.35,95525.0,1513.0,2616.0,4129.0,0,Winter,103.41,103.46,5817705.49,2025,1,3,1,3,1885695.2299999997,1067667.5,818027.73,0.5661930321582243,0.43380696784177586,0.30779622325289546,0.04651754355872238,0.079493201030158,0.19316048755132081,0.1780618705812816,0.1153094076607491,0.024823990247883274,0.0548372761169895,0.03808809373874,-0.10062351363077038,0.0888713080168777,4129.0,1408.9865560668443,0.3664325502542989,3.085178027416446
2025-01-20,312840.12,168560.57,152322.94,347026.74,292642.97,177377.98,26666.21,96795.43,0.0,1423.5,131111.0,1732.0,2327.0,4059.0,0,Winter,99.8,102.09,5825031.48,2025,1,4,1,4,1574232.9599999997,940509.3299999998,633723.63,0.5974397397955636,0.4025602602044364,0.19872542879549418,0.10707473054051672,0.09676010086842549,0.22044179534901878,0.1858955932418033,0.11267581387700079,0.01693917652441987,0.06148736080332101,0.001259257625294552,-0.16517105470962035,-0.01695325744732379,4059.0,1435.0902882483372,0.4267060852426706,3.700234735270694
2025-01-27,570821.62,140924.98,71608.38,344512.34,315106.65,71659.22,45657.61,165680.58,0.0,1426.16,136413.0,1766.0,2723.0,4489.0,0,Winter,108.02,100.67,6185928.85,2025,1,5,1,5,1725971.3800000004,942616.3999999999,783354.98,0.546136749961636,0.4538632500383638,0.3307248466657656,0.08164966211664529,0.041488741255952914,0.19960489727239855,0.18256771441945924,0.04151819713256195,0.026453283367885272,0.095992657769331,0.061956295213017265,0.09638879623000696,0.10593742301059383,4489.0,1378.0193472933838,0.3934061038093116,3.5840274767476146
2025-02-03,570648.09,133868.2,80187.35,449195.32,329792.36,242707.85,41604.13,164164.75,82221.83,1462.04,127421.0,1519.0,2519.0,4038.0,0,Winter,100.17,104.61,5814574.11,2025,2,6,1,6,2012168.0499999998,1227464.41,784703.64,0.6100208230619704,0.38997917693802964,0.2835986238823343,0.0665293338695046,0.039851219186190744,0.2232394655108454,0.16389901429952633,0.12062006948177117,0.020676270056072105,0.08158600371375542,-0.060032171239732146,0.1658177379511354,-0.10046781020271778,4038.0,1439.9638707280833,0.3761763249133234,2.8897060113840896
2025-02-10,964939.88,199196.34,144386.91,419090.23,264265.07,272405.23,54195.65,110009.43,0.0,1401.77,118291.0,1537.0,2885.0,4422.0,0,Winter,100.96,101.52,6268075.64,2025,2,7,1,7,2428488.74,1119965.61,1308523.13,0.4611780122974752,0.5388219877025248,0.39734171466654605,0.08202481515314745,0.05945545788283128,0.17257244108119685,0.10881873390938596,0.11217067862542363,0.02231661572373607,0.04529954295773263,0.07799393754738793,0.20690155079244033,0.09509658246656771,4422.0,1417.4752691090005,0.34758028041610134,2.5810602028980374
2025-02-17,783809.1,229839.37,78049.95,455060.35,378464.05,240215.17,42361.86,152635.99,0.0,1398.58,144934.0,1354.0,3249.0,4603.0,0,Winter,97.59,108.96,6273665.69,2025,2,8,1,8,2360435.84,1268737.42,1091698.42,0.5375013370412135,0.46249866295878644,0.3320611756174656,0.09737158117375476,0.03306590616756607,0.19278657877013086,0.16033651226037984,0.1017672948060304,0.01794662633151681,0.06466432487315563,0.0008918287399608538,-0.02802273647766651,0.04093170511080957,4603.0,1362.9514859873996,0.29415598522702585,2.6578420746229647
2025-02-24,603397.65,246535.93,71516.73,405337.78,603315.62,149448.91,50706.79,261564.44,0.0,1420.74,102488.0,1299.0,2748.0,4047.0,0,Winter,98.51,100.42,5836056.58,2025,2,9,1,9,2391823.8499999996,1470373.54,921450.31,0.6147499281771943,0.3852500718228059,0.2522751205110695,0.10307445090490257,0.029900500406833893,0.1694680734954625,0.25224082450720614,0.0624832426518366,0.021200052002157268,0.10935773552053177,-0.06975333586830001,0.013297548473081955,-0.12079078861611992,4047.0,1442.0698245614035,0.32097850259451444,2.440002669929059
2025-03-03,656919.76,224709.74,94373.02,451037.08,168157.32,245868.54,43715.71,119689.07,0.0,1418.55,137014.0,1787.0,2754.0,4541.0,0,Spring,93.31,99.85,6314553.48,2025,3,10,1,10,2004470.2400000002,1028467.72,976002.52,0.5130870488753178,0.48691295112468214,0.32772737000076385,0.11210430342931904,0.047081277694599244,0.2250156031251429,0.08389115320564698,0.12266010993508189,0.021809109024237744,0.059711073585208226,0.08198976371130384,-0.16194905406600046,0.1220657276995305,4541.0,1390.564518828452,0.3935256551420392,3.150235585438275
2025-03-10,616250.3,156501.75,119220.3,377076.91,367273.68,258899.26,47565.29,78644.79,60171.39,1387.51,103482.0,1470.0,3080.0,4550.0,0,Spring,94.25,103.16,6489413.14,2025,3,11,1,11,2021432.28,1129459.93,891972.3500000001,0.5587424031835486,0.4412575968164514,0.30485824635193814,0.07742121838481772,0.058978132079695496,0.1865394719035554,0.1816898263838945,0.1280771374641351,0.023530488985760135,0.0389054784462035,0.02769153203846164,0.008462106177240969,0.0019819423034574957,4550.0,1426.2446461538461,0.3230769230769231,3.210304497561501
2025-03-17,565412.26,179477.67,105432.36,597941.73,266325.18,303457.35,52185.82,245897.07,0.0,1385.5,112078.0,1505.0,2954.0,4459.0,0,Spring,94.99,104.99,6047897.17,2025,3,12,1,12,2316129.44,1465807.15,850322.29,0.6328692708987801,0.36713072910121985,0.24411945646699262,0.07749034527189466,0.04552092736233257,0.25816421123682964,0.11498717446465341,0.13101916704620792,0.0225314782061576,0.10616723994493157,-0.06803634789077395,0.1457863134549331,-0.020000000000000018,4459.0,1356.3348665620094,0.33751962323390894,2.611208624851295
2025-03-24,378662.3,199961.15,90749.55,284839.05,394409.22,152949.95,43883.53,214476.17,0.0,1399.09,113214.0,1535.0,2786.0,4321.0,0,Spring,89.75,101.85,6094422.08,2025,3,13,1,13,1759930.92,1090557.92,669373.0,0.6196595034536924,0.38034049654630764,0.2151574790219607,0.11361874930863763,0.05156426821570929,0.16184672180201254,0.22410494384631868,0.0869067917733953,0.024934802554636634,0.12186624347732923,0.007692741574837347,-0.24014138000853702,-0.03094864319354118,4321.0,1410.419365887526,0.3552418421661652,3.4628757360544586
2025-03-31,577543.75,168519.85,90133.54,520729.16,344680.95,193801.93,54320.34,135002.4,72627.3,1365.87,105791.0,1352.0,2820.0,4172.0,0,Spring,90.12,102.68,5818308.07,2025,3,14,1,14,2084731.92,1248534.78,836197.14,0.5988946434897011,0.40110535651029894,0.27703502040684447,0.08083526154288462,0.04323507456056988,0.24978231253829508,0.16533586246427312,0.09296251865323768,0.026056271062420342,0.06475767877147484,-0.04530602022234731,0.18455326644298053,-0.03448275862068961,4172.0,1394.6088374880155,0.32406519654841803,2.790914272565079
2025-04-07,450075.06,168810.55,89007.02,530058.48,413163.54,254749.25,40245.38,65981.42,0.0,1367.89,110708.0,1294.0,2897.0,4191.0,0,Spring,90.96,97.67,5758048.28,2025,4,15,2,15,2012090.6999999997,1304198.0699999998,707892.63,0.6481805566717246,0.35181944332827547,0.22368527422744913,0.08389808173160386,0.04423608736922248,0.2634366731082252,0.20534041532024377,0.12660922790409002,0.02000177228591137,0.03279246805325426,-0.010356926665796129,-0.0348443938057994,0.004554170661553281,4191.0,1373.9079646862324,0.3087568599379623,2.861724016715549
2025-04-14,341772.26,202105.72,84282.98,345094.69,452384.08,211578.89,49360.84,126129.71,0.0,1371.19,141587.0,1570.0,2966.0,4536.0,0,Spring,87.85,99.84,6185933.22,2025,4,16,2,16,1812709.1700000002,1184548.21,628160.96,0.6534684270395122,0.3465315729604876,0.18854224696176716,0.1114937372992933,0.04649558869942716,0.1903751002704973,0.2495624160162438,0.11671971075205627,0.02723042439289916,0.06958077560781578,0.07431075933944742,-0.09909172086526696,0.082319255547602,4536.0,1363.7418915343915,0.3461199294532628,3.41253485246064
2025-04-21,713866.75,158600.81,169051.89,600412.7,358067.86,138034.41,53719.99,175395.11,0.0,1382.33,104490.0,1374.0,2828.0,4202.0,0,Spring,91.35,98.9,5867280.75,2025,4,17,2,17,2367149.52,1325630.0699999998,1041519.4500000001,0.5600111268003044,0.4399888731996955,0.3015723104808352,0.06700075709623952,0.07141580562262075,0.2536437579997059,0.15126541731930815,0.05831250152715321,0.02269395724525251,0.07409549270888473,-0.05151243291307306,0.30586282630213635,-0.07363315696649031,4202.0,1396.3066991908615,0.3269871489766778,2.4786270155000603
2025-04-28,685126.69,125536.8,115097.75,496467.05,446131.58,232766.64,51707.43,262150.24,29947.17,1343.15,133636.0,1465.0,2860.0,4325.0,0,Spring,93.78,97.12,5744884.16,2025,4,18,2,18,2414984.1800000006,1489222.94,925761.24,0.6166595012643104,0.3833404987356893,0.2836982103957301,0.05198245232397339,0.047659836015985814,0.20557776490279114,0.18473478364566343,0.09638433325058053,0.021411084357496696,0.10855153510777861,-0.020860871537466408,0.020207705341739768,0.029271775345073747,4325.0,1328.2969156069364,0.33872832369942196,2.3788496038926428
2025-05-05,224420.62,139874.18,130098.61,492416.52,115916.19,241955.21,60325.2,104225.68,0.0,1311.15,96820.0,1474.0,2986.0,4460.0,0,Spring,93.31,101.03,5916641.05,2025,5,19,2,19,1509232.2099999997,1014838.7999999998,494393.41,0.6724205813232677,0.32757941867673235,0.14869853592642318,0.09267903181048595,0.08620185093982326,0.3262695539740701,0.07680474166397497,0.16031675470271076,0.039970787530435765,0.06905874345207622,0.02989736350053751,-0.3750550324516,0.03121387283236987,4460.0,1326.6011322869954,0.3304932735426009,3.9202986861776563
2025-05-12,569257.9,188776.79,92812.92,412491.9,485069.62,210508.77,41274.93,171140.43,0.0,1302.45,136749.0,1652.0,2799.0,4451.0,0,Spring,95.02,96.2,5725937.75,2025,5,20,2,20,2171333.2600000002,1320485.65,850847.6100000001,0.608145085015646,0.3918549149843539,0.26216975094831824,0.08694049572104837,0.04274466831498726,0.1899717135084091,0.22339713066431818,0.0969490837164259,0.019009025818542472,0.07881813130795039,-0.03223168321154113,0.4387005827287509,-0.002017937219730981,4451.0,1286.4384969669736,0.37115254998876657,2.637060766065914
2025-05-19,795661.5,157484.35,100018.87,389954.68,368572.77,217260.5,36742.16,223577.83,0.0,1308.52,135379.0,1551.0,2846.0,4397.0,0,Spring,97.29,97.96,5703346.31,2025,5,21,2,21,2289272.6599999997,1236107.94,1053164.72,0.539956625350167,0.46004337464983314,0.34756082746386363,0.06879230803376651,0.04369023915220305,0.17033998912126092,0.1609999439734715,0.0949037237006098,0.016049708993597995,0.09766325956122676,-0.003945456794391511,0.0543165815090032,-0.012132105144911254,4397.0,1297.0994564475777,0.35274050488969755,2.4913355275033076
2025-05-26,801602.91,171863.26,85418.49,387845.69,431154.25,186691.1,39139.03,8301.78,79643.26,1300.6,119444.0,1532.0,3039.0,4571.0,0,Spring,97.01,99.46,5952700.4,2025,5,22,2,22,2112016.51,1053131.8499999999,1058884.6600000001,0.49863807646087005,0.50136192353913,0.3795438654028325,0.08137401350143803,0.04044404463485942,0.18363762222673158,0.20414340889787838,0.08839471619471385,0.018531592823580724,0.0039307363179656215,0.04372066440412259,-0.07742902498997206,0.03957243575164893,4571.0,1302.275300809451,0.33515642091446074,2.8184914141603947
2025-06-02,787122.53,185493.85,34706.48,433020.8,216376.38,289887.26,50163.58,245159.33,35966.11,1317.27,122606.0,1554.0,2588.0,4142.0,0,Spring,102.72,98.82,5504266.17,2025,6,23,2,23,2241930.21,1234607.3499999999,1007322.86,0.5506894659312342,0.4493105340687657,0.3510914507905222,0.08273845866058427,0.015480624617659264,0.19314642269796614,0.09651343250332489,0.12930253524707178,0.022375174649169834,0.10935190083370168,-0.0753329077337741,0.06151168770929738,-0.09385254867643844,4142.0,1328.8909150169,0.3751810719459198,2.455146081465221
2025-06-09,581053.07,135675.41,66801.99,509888.25,250061.8,145329.52,48638.98,90638.43,0.0,1290.51,137615.0,1481.0,2804.0,4285.0,0,Spring,106.6,101.24,5512675.26,2025,6,24,2,24,1828087.45,1044556.98,783530.47,0.5713933324141578,0.42860666758584226,0.31784752419803547,0.074217133321494,0.036542010066312754,0.27891895981234377,0.1367887515446813,0.07949812247767468,0.026606484279513,0.049581014299945006,0.0015277404362876723,-0.1845921689060963,0.034524384355383964,4285.0,1286.5053115519252,0.3456242707117853,3.0155424238594275
2025-06-16,399377.32,185538.99,55182.99,409058.38,336169.76,162595.73,45545.3,193094.03,35980.83,1294.68,137821.0,1557.0,2924.0,4481.0,0,Spring,102.44,101.05,5738496.72,2025,6,25,2,25,1786562.5000000002,1146463.2,640099.3,0.6417145775756514,0.3582854224243484,0.22354511527024662,0.1038525044603813,0.03088780269372048,0.2289639349309078,0.1881656868987231,0.09101037887003673,0.025493258702116495,0.1080813181738674,0.040964041839823606,-0.02271496913345128,0.04574095682613777,4481.0,1280.6285918321803,0.34746708324034814,3.2120324477873003
2025-06-23,469973.9,224857.17,58897.57,431759.69,429947.2,264875.05,49894.33,250502.23,23482.41,1288.31,131437.0,1888.0,3143.0,5031.0,1,Spring,106.67,102.23,6224803.18,2025,6,26,2,26,2180707.14,1426978.5,753728.64,0.6543650331699286,0.34563496683007144,0.21551445005128014,0.10311204373825272,0.02700847304053858,0.19799068021577623,0.197159532389113,0.12146291684081888,0.022879885650303324,0.11487201807391707,0.08474457401101376,0.22061620570229135,0.12274045971881287,5031.0,1237.2894414629297,0.37527330550586363,2.8544883748122176
2025-06-30,621488.84,93106.78,69131.02,451356.55,342146.52,244819.38,49095.36,239903.46,0.0,1290.7,127993.0,1799.0,2903.0,4702.0,0,Spring,105.64,101.96,5957431.06,2025,6,27,2,27,2111047.91,1327321.27,783726.64,0.628749951013665,0.3712500489863349,0.2943982640356087,0.04410453195256947,0.03274725299815673,0.21380687186772562,0.16207425628724836,0.11597054658982135,0.023256393077312962,0.11364188319155674,-0.04295270264272033,-0.03194341354795582,-0.06539455376664682,4702.0,1266.9993747341555,0.38260314759676733,2.8220255124385116
2025-07-07,621222.98,209524.88,129791.93,454582.52,409441.82,105713.67,35607.44,202287.47,0.0,1322.42,131695.0,1517.0,2734.0,4251.0,0,Spring,108.33,102.78,5513901.36,2025,7,28,3,28,2168172.71,1207632.9200000002,960539.79,0.5569818836064956,0.44301811639350447,0.28651913988899896,0.09663661895274017,0.059862357551765326,0.20966158180267847,0.1888418842795969,0.048757033751245765,0.016422787647760773,0.09329859612521366,-0.07444982502239805,0.027059925892444436,-0.09591663122075711,4251.0,1297.0833592095978,0.35685721006821924,2.5431098429423553
2025-07-14,786827.03,122917.95,95360.32,430174.17,157392.33,115425.79,50738.19,8062.08,0.0,1306.46,111908.0,1595.0,3024.0,4619.0,0,Spring,112.48,100.55,5683965.03,2025,7,29,3,29,1766897.86,761792.5599999999,1005105.3,0.43114691417420126,0.5688530858257986,0.44531551472930075,0.06956709427448171,0.05397047682201619,0.2434629526349644,0.08907834095175143,0.0653268038934633,0.02871597229734604,0.004562844396676104,0.030842711702046,-0.1850751317684466,0.08656786638438008,4619.0,1230.5618164104785,0.34531283827668324,3.2169177170207224
2025-07-21,743342.94,72058.5,126200.51,433280.09,392623.6,73278.2,61213.01,111709.97,0.0,1291.62,130778.0,1355.0,2866.0,4221.0,0,Spring,109.52,101.24,5396318.76,2025,7,30,3,30,2013706.82,1072104.8699999999,941601.95,0.5324036544704158,0.46759634552958407,0.3691415913265864,0.03578400752498817,0.06267074667800945,0.21516542810338202,0.19497555259806884,0.03638970642210965,0.03039817385134545,0.05547479349550993,-0.05060662204672295,0.1396849051591471,-0.0861658367612037,4221.0,1278.4455721393035,0.32101397773039564,2.679793655364389
2025-07-28,506775.24,97273.71,104171.12,353730.56,306706.11,188832.06,44835.62,170426.12,0.0,1281.01,115726.0,1523.0,3142.0,4665.0,0,Spring,102.54,101.75,5918389.97,2025,7,31,3,31,1772750.54,1064530.47,708220.07,0.6004964860989409,0.39950351390105904,0.2858694602343768,0.05487162903360334,0.05876242463307894,0.19953769693958182,0.17301143227969343,0.10651925115194154,0.025291556250209915,0.09613654947751418,0.09674580639487651,-0.1196580741579849,0.1051883439943142,4665.0,1268.6795219721328,0.3264737406216506,3.338535138734184
2025-08-04,297210.99,97389.33,111906.99,302263.9,286410.15,123345.81,45876.17,147805.18,0.0,1281.37,123493.0,1548.0,2569.0,4117.0,0,Spring,108.75,101.12,5202254.55,2025,8,32,3,32,1412208.5199999998,905701.2100000002,506507.31,0.641336741120922,0.35866325887907835,0.21045828982819056,0.06896242914608673,0.07924253990480104,0.21403630959541306,0.20281009917713858,0.08734249103666364,0.03248540803308565,0.10466243327862093,-0.12100172912397655,-0.20338000856003136,-0.11747052518756695,4117.0,1263.6032426524168,0.37600194316249697,3.683772244908989
2025-08-11,463807.85,141411.88,71916.03,304802.74,177476.49,163148.47,38815.98,189704.54,0.0,1297.27,88471.0,1552.0,2646.0,4198.0,0,Spring,110.28,100.17,5557487.27,2025,8,33,3,33,1551083.98,873948.22,677135.76,0.5634435216073859,0.4365564783926142,0.2990217525165852,0.09116971216477912,0.046365013711249854,0.19650950169700032,0.11442094192733522,0.10518351817417392,0.025025066663379506,0.12230449314549688,0.06828437874113624,0.09833920276872443,0.019674520281758534,4198.0,1323.841655550262,0.3696998570747975,3.58296993693404
2025-08-18,557787.01,126876.63,104226.71,246875.07,342453.58,219835.91,30370.35,208446.76,0.0,1303.94,81741.0,1471.0,2476.0,3947.0,0,Spring,104.83,100.45,5192972.06,2025,8,34,3,34,1836872.02,1047981.67,788890.35,0.5705251419747795,0.4294748580252205,0.30366133509943716,0.06907211205710456,0.056741410868678815,0.13439971174475182,0.18643301017781305,0.11967949187880819,0.01653373216496596,0.11347919600844049,-0.06558993161670346,0.18425052652532714,-0.05979037636969986,3947.0,1315.675718267038,0.3726881175576387,2.827073417994575
2025-08-25,478850.26,123527.0,108297.38,382688.39,96872.07,147526.32,37766.0,196174.26,70529.3,1276.49,137920.0,1619.0,2782.0,4401.0,0,Spring,107.15,99.64,5675629.95,2025,8,35,3,35,1571701.6800000002,861027.04,710674.64,0.5478310871309878,0.4521689128690121,0.3046699421992092,0.07859443148269714,0.06890453918710578,0.2434866583587287,0.061635150762198075,0.09386407222011749,0.024028732984493595,0.12481647280544994,0.09294444191559936,-0.14435972518107154,0.11502406891309858,4401.0,1289.622801635992,0.36787093842308566,3.6111369111726086
2025-09-01,409193.14,162214.34,78043.67,358294.03,352250.05,194828.7,34618.38,143857.97,0.0,1298.56,130959.0,1507.0,2709.0,4216.0,0,Spring,100.58,102.29,5404786.48,2025,9,36,3,36,1733300.2799999998,1083849.1300000001,649451.15,0.625309499171142,0.3746905008288582,0.2360774672003169,0.09358698078557975,0.045026052842961524,0.20671203607028787,0.20322505803783752,0.11240331652170507,0.01997252316834565,0.08299656537296585,-0.047720424408571605,0.10281760340168344,-0.042035900931606474,4216.0,1281.9702277039848,0.3574478178368121,3.1182055079342637
2025-09-08,556613.99,150264.85,103624.0,331893.5,173353.45,165618.53,32378.28,41088.24,0.0,1261.15,121090.0,1444.0,2535.0,3979.0,0,Spring,96.57,101.46,5035699.44,2025,9,37,3,37,1554834.8399999999,744332.0,810502.84,0.478720942476437,0.5212790575235631,0.3579891417920633,0.09664360878355416,0.06664630694794568,0.21345900635980092,0.11149316026389017,0.1065184068039021,0.02082425680659433,0.026426112242249476,-0.06828892156346578,-0.1029627941905138,-0.05621442125237197,3979.0,1265.569097763257,0.36290525257602413,3.2387359161568576
2025-09-15,420508.04,149059.4,103614.71,148841.16,302296.72,218712.44,52053.67,128553.29,63438.17,1310.68,114894.0,1434.0,2395.0,3829.0,0,Spring,99.78,100.53,5004435.97,2025,9,38,3,38,1523639.4299999997,850457.2800000001,673182.1499999999,0.5581748957494492,0.44182510425055094,0.27598920828663515,0.09783115156057626,0.06800474440333959,0.09768791557199333,0.19840436920170806,0.14354606194459016,0.03416403446581847,0.08437251456533913,-0.006208366955276601,-0.02006348790074719,-0.037697914048756,3829.0,1306.982494123792,0.37451031600940193,3.28452773764197
2025-09-22,537775.08,206412.59,105706.21,369538.87,389403.29,281273.7,58240.74,248022.78,115580.24,1326.98,115146.0,1707.0,2714.0,4421.0,1,Spring,92.44,100.75,5741364.66,2025,9,39,3,39,2196373.26,1346479.38,849893.8799999999,0.6130467004501776,0.3869532995498224,0.24484685267020598,0.09397883035600244,0.04812761652361403,0.16824957612168345,0.17729376745371594,0.12806279566525047,0.02651677702541325,0.11292378418411451,0.1472550941639883,0.4415308614059694,0.1546095586314964,4421.0,1298.6574666365077,0.38611173942546934,2.614020469362298
2025-09-29,765716.99,218153.41,88292.89,604859.49,536646.36,195766.69,59345.32,120297.24,93910.89,1311.98,115322.0,1588.0,2940.0,4528.0,1,Spring,95.45,99.89,5839812.63,2025,9,40,3,40,2589078.39,1516915.1,1072163.29,0.5858899853549818,0.4141100146450181,0.29574886297668257,0.08425909808007011,0.03410205358826544,0.23361961242123688,0.20727312161452166,0.07561250009120041,0.022921407180722712,0.04646334404730017,0.01714713762842579,0.17879708205881206,0.024202669079393724,4528.0,1289.711269876325,0.3507067137809187,2.255556514841561
2025-10-06,440927.23,50301.57,64217.17,318974.75,285931.79,174630.87,39866.17,198967.35,0.0,1360.23,83539.0,1481.0,2229.0,3710.0,0,Spring,98.65,104.52,5063013.59,2025,10,41,4,41,1573816.9,1018370.93,555445.97,0.6470707805971585,0.3529292194028416,0.28016424909403376,0.03196151343907922,0.040803456869728624,0.20267589577923584,0.18168046740380028,0.11096009326116653,0.025330881883400796,0.12642344226955501,-0.13301780197697888,-0.39213238730867483,-0.18065371024734977,3710.0,1364.693690026954,0.39919137466307275,3.217028353171198
2025-10-13,559656.4,122462.15,93645.44,397042.73,244110.25,243147.58,40992.25,218024.42,62951.64,1312.98,105027.0,1439.0,2484.0,3923.0,0,Spring,87.91,102.98,5220132.2,2025,10,42,4,42,1919081.22,1143317.23,775763.99,0.5957628150829385,0.4042371849170615,0.29162726109111736,0.0638129062614661,0.048797017564478073,0.20689209287348453,0.12720162516102368,0.12669999449007166,0.02136035180418263,0.11360875075417601,0.031032626558681775,0.2193802341301585,0.05741239892183292,3923.0,1330.648024471068,0.36681111394341065,2.72012051683774
2025-10-20,568480.94,47865.34,99783.97,269516.76,262146.89,208712.25,48566.13,169406.49,0.0,1341.94,90309.0,1492.0,2464.0,3956.0,0,Spring,88.93,101.37,5190764.0,2025,10,43,4,43,1674478.7699999998,958348.52,716130.2499999999,0.5723264678954396,0.4276735321045605,0.3394972514342478,0.02858521759580147,0.05959106307451125,0.16095561486276713,0.15655432287146887,0.12464311506320264,0.029003729918892912,0.10116968517910802,-0.005625949473080483,-0.1274581020599015,0.008411929645679272,3956.0,1312.1243680485338,0.37714863498483314,3.099928224231831
2025-10-27,314347.52,140939.54,74536.98,485392.62,418316.03,109482.45,42625.57,0.0,0.0,1344.04,127062.0,1339.0,2537.0,3876.0,0,Spring,89.12,105.0,5130556.39,2025,10,44,4,44,1585640.71,1055816.67,529824.04,0.6658612277935271,0.334138772206473,0.19824637322789224,0.08888491517097843,0.047007483807602286,0.30611765763758675,0.26381514258674654,0.06904619016750649,0.026882237401687298,0.0,-0.011598988125832821,-0.053054157264710966,-0.020222446916076886,3876.0,1323.672959236326,0.34545923632610936,3.2356361423137274
2025-11-03,438698.19,140486.31,94411.24,370038.04,358549.77,227976.55,46743.59,80415.71,0.0,1350.0,73930.0,1202.0,2294.0,3496.0,0,Spring,91.81,102.56,4875736.29,2025,11,45,4,45,1757319.4000000001,1083723.6600000001,673595.74,0.6166913425072301,0.38330865749276993,0.24964055481320013,0.07994352648698921,0.053724576192580586,0.21056959821874155,0.20403221520231324,0.12972971788736867,0.02659937060957729,0.045760440589229255,-0.0496671473091439,0.10827086421109877,-0.0980392156862745,3496.0,1394.6614101830664,0.3438215102974828,2.774530509365571
2025-11-10,801030.81,186671.37,108245.75,407927.5,281397.46,130053.24,42525.69,292107.21,56012.42,1356.93,85029.0,1264.0,2480.0,3744.0,0,Spring,91.04,101.16,5112711.54,2025,11,46,4,46,2249959.0300000003,1154011.0999999999,1095947.9300000002,0.5129031616189028,0.48709683838109713,0.3560201760651615,0.08296656406227983,0.04811009825365575,0.18130441246301268,0.12506781512372694,0.05780249251916378,0.018900650826517495,0.12982779068648195,0.04860296699926736,0.2803358512971519,0.07093821510297493,3744.0,1365.5746634615384,0.33760683760683763,2.2723576171073656
2025-11-17,431497.81,263054.67,149284.24,772454.68,402800.99,375313.42,56836.18,177891.45,90170.88,1368.44,106745.0,1620.0,2648.0,4268.0,1,Spring,96.81,106.33,5820878.82,2025,11,47,4,47,2629133.4400000004,1785296.7199999997,843836.72,0.6790437840994482,0.32095621590055157,0.1641216849001015,0.10005375383305,0.05678077716740006,0.2938058100238533,0.153206750129807,0.1427517577806929,0.021617837700927036,0.06766162846416802,0.13851109620786484,0.1685250286535218,0.1399572649572649,4268.0,1363.8422727272728,0.3795688847235239,2.213991397865298
2025-11-24,190725.07,208179.06,181584.61,696502.54,245381.81,349304.51,47913.31,47618.13,99616.44,1390.09,104855.0,1876.0,2478.0,4354.0,1,Spring,96.28,103.53,5959886.9,2025,11,48,4,48,1967209.04,1386720.3,580488.74,0.7049176126193483,0.29508238738065173,0.09695211140347343,0.10582457469796905,0.09230570127920924,0.35405619120172405,0.12473601178652574,0.17756349370984997,0.024355983032692853,0.024205932888555656,0.023880943805663968,-0.2517652356207528,0.02014995313964385,4354.0,1368.8302480477723,0.43086816720257237,3.0296154495101346
2025-12-01,192246.59,125074.82,129431.68,376890.39,364239.21,218212.76,32090.43,259044.64,0.0,1407.19,98532.0,1429.0,2679.0,4108.0,0,Winter,95.99,104.11,5677180.12,2025,12,49,4,49,1697230.52,1250477.4300000002,446753.09,0.7367752437070246,0.2632247562929755,0.11327075947231964,0.07369347800792553,0.07626051881273027,0.22206199190903073,0.2146079779427959,0.1285699010409028,0.018907525891061632,0.1526278469232335,-0.047434923639238846,-0.1372393652684719,-0.056499770326136844,4108.0,1381.98152872444,0.3478578383641675,3.344967023100669
2025-12-08,564627.72,170742.62,74492.33,359057.01,169077.3,213304.1,44478.17,176858.9,0.0,1385.67,115368.0,1477.0,2621.0,4098.0,0,Winter,96.27,105.33,5646351.49,2025,12,50,4,50,1772638.15,962775.4800000001,809862.6699999999,0.5431314225071824,0.4568685774928177,0.3185239582032013,0.09632119222978475,0.042023427059831704,0.20255516333099344,0.09538173371705895,0.12033143932956651,0.025091511203231186,0.09977157492633226,-0.0054302716046289445,0.04442981027703885,-0.0024342745861732906,4098.0,1377.8310126891167,0.3604197169350903,3.1852814913184626
2025-12-15,772647.97,171551.53,193084.46,521814.11,552803.18,261576.65,63964.22,347547.25,71627.45,1407.57,114657.0,1569.0,2886.0,4455.0,1,Winter,98.53,107.86,6197520.33,2025,12,51,4,51,2884989.37,1747705.41,1137283.96,0.6057926688305267,0.3942073311694732,0.2678165743120225,0.0594634877285527,0.06692726912889803,0.18087210837799378,0.19161359336308406,0.09066815036479665,0.022171388451251033,0.12046742827340122,0.09761504238199659,0.6275117231342451,0.08711566617862365,4455.0,1391.1381212121212,0.35218855218855216,2.14819520461526
2025-12-22,742468.47,206405.3,119387.35,624236.87,480165.9,340888.68,51952.93,271710.35,79507.55,1382.18,139618.0,1650.0,3053.0,4703.0,1,Winter,96.39,105.95,6492321.1,2025,12,52,4,52,2837215.8500000006,1768954.73,1068261.12,0.623482605315348,0.37651739468465184,0.26168910271666496,0.07274924112664884,0.04207905084133799,0.22001740544343845,0.16923841025348843,0.1201490115741458,0.018311236348126276,0.09576654169614904,0.04756753577281114,-0.01655934004359938,0.05566778900112235,4703.0,1380.4637678077822,0.3508398894322773,2.288271828172678
